season,team,n_recruits,top_recruit_rank,avg_espn_grade,median_espn_grade,n_top10_recruits,n_top25_recruits,n_top50_recruits,n_guards,n_wings_forwards,n_bigs,avg_height_inches,recruit_star_index
2022,UConn,4,1.0,96.5,97.0,2,3,4,3,1,0,73.8,16
2022,South Carolina,4,2.0,97.5,98.0,3,4,4,3,1,0,71.5,21
2022,Texas,4,6.0,95.5,96.0,2,3,4,2,2,0,70.8,16
2022,Arkansas,2,7.0,96.5,96.5,1,2,2,0,1,1,76.5,9
2022,Notre Dame,2,8.0,96.0,96.0,1,2,2,2,0,0,71.5,9
2022,UNC,4,9.0,95.5,95.0,1,4,4,2,2,0,72.2,15
2022,Stanford,3,11.0,94.33,95.0,0,2,2,1,2,0,72.7,6
2022,Louisville,1,12.0,97.0,97.0,0,1,1,1,0,0,73.0,3
2022,USC,2,21.0,94.5,94.5,0,1,2,1,0,1,76.0,4
2022,Maryland,1,22.0,95.0,95.0,0,1,1,1,0,0,72.0,3
2022,Michigan State,1,23.0,95.0,95.0,0,1,1,1,0,0,67.0,3
2022,Oregon State,3,25.0,93.33,94.0,0,1,2,2,1,0,71.7,4
2022,UCLA,1,26.0,94.0,94.0,0,0,1,1,0,0,69.0,1
2022,Michigan,2,28.0,92.5,92.5,0,0,1,2,0,0,69.5,1
2022,Oregon,1,29.0,94.0,94.0,0,0,1,1,0,0,73.0,1
2022,Florida State,2,31.0,93.5,93.5,0,0,2,1,1,0,69.0,2
2022,Arizona State,1,33.0,94.0,94.0,0,0,1,0,1,0,75.0,1
2022,Georgia,2,34.0,93.5,93.5,0,0,2,1,1,0,73.5,2
2022,Northwestern,3,35.0,93.0,93.0,0,0,2,2,0,1,72.0,2
2022,NC State,2,36.0,92.0,92.0,0,0,1,1,0,1,73.0,1
2022,Iowa,2,39.0,92.0,92.0,0,0,1,0,0,2,75.0,1
2022,Mississippi State,2,40.0,92.5,92.5,0,0,1,2,0,0,69.5,1
2022,Duke,1,41.0,93.0,93.0,0,0,1,1,0,0,65.0,1
2022,Utah,1,42.0,93.0,93.0,0,0,1,0,1,0,74.0,1
2022,Tennessee,3,43.0,92.33,93.0,0,0,2,1,2,0,72.7,2
2022,Gonzaga,1,44.0,93.0,93.0,0,0,1,0,1,0,75.0,1
2022,Xavier,1,46.0,93.0,93.0,0,0,1,0,1,0,75.0,1
2022,Missouri,1,47.0,93.0,93.0,0,0,1,0,1,0,72.0,1
2022,Nebraska,2,49.0,92.0,92.0,0,0,1,1,1,0,71.5,1
2022,LSU,2,51.0,92.0,92.0,0,0,0,0,2,0,74.5,0
2022,Clemson,1,52.0,93.0,93.0,0,0,0,1,0,0,71.0,0
2022,Illinois,1,53.0,92.0,92.0,0,0,0,1,0,0,70.0,0
2022,Kansas State,1,54.0,92.0,92.0,0,0,0,1,0,0,73.0,0
2022,Vanderbilt,2,57.0,91.0,91.0,0,0,0,1,1,0,70.0,0
2022,Marquette,1,58.0,91.0,91.0,0,0,0,0,1,0,74.0,0
2022,West Virginia,2,59.0,91.0,91.0,0,0,0,2,0,0,73.0,0
2022,Wake Forest,1,60.0,91.0,91.0,0,0,0,0,1,0,72.0,0
2022,Virginia Tech,1,61.0,91.0,91.0,0,0,0,1,0,0,73.0,0
2022,Temple,1,65.0,91.0,91.0,0,0,0,1,0,0,70.0,0
2022,Oklahoma,1,66.0,91.0,91.0,0,0,0,1,0,0,66.0,0
2022,Texas Tech,1,67.0,91.0,91.0,0,0,0,0,1,0,71.0,0
2022,Jackson State,1,70.0,91.0,91.0,0,0,0,1,0,0,67.0,0
2022,Arizona,2,71.0,91.0,91.0,0,0,0,1,0,1,73.0,0
2022,TCU,1,72.0,91.0,91.0,0,0,0,1,0,0,70.0,0
2022,Green Bay,1,73.0,91.0,91.0,0,0,0,1,0,0,72.0,0
2022,BYU,1,74.0,91.0,91.0,0,0,0,0,0,1,76.0,0
2022,Alabama,1,75.0,91.0,91.0,0,0,0,0,1,0,73.0,0
2022,Washington,3,76.0,91.0,91.0,0,0,0,2,1,0,71.0,0
2022,Rutgers,1,77.0,91.0,91.0,0,0,0,1,0,0,68.0,0
2022,Miami (FL),1,79.0,91.0,91.0,0,0,0,1,0,0,68.0,0
2022,Colorado,1,82.0,91.0,91.0,0,0,0,1,0,0,69.0,0
2022,San Diego State,1,83.0,91.0,91.0,0,0,0,1,0,0,71.0,0
2022,UCF,1,84.0,91.0,91.0,0,0,0,1,0,0,70.0,0
2022,Kentucky,1,87.0,91.0,91.0,0,0,0,1,0,0,66.0,0
2022,Oklahoma State,1,88.0,91.0,91.0,0,0,0,1,0,0,70.0,0
2022,Middle Tennessee,1,89.0,91.0,91.0,0,0,0,0,1,0,71.0,0
2022,Duquesne,1,90.0,91.0,91.0,0,0,0,1,0,0,70.0,0
2022,Texas A&M,1,91.0,91.0,91.0,0,0,0,0,0,1,75.0,0
2022,Purdue,1,93.0,91.0,91.0,0,0,0,1,0,0,70.0,0
2022,Boston College,1,95.0,91.0,91.0,0,0,0,0,1,0,74.0,0
2022,Davidson,1,96.0,91.0,91.0,0,0,0,1,0,0,70.0,0
2022,UMass,1,97.0,91.0,91.0,0,0,0,1,0,0,71.0,0
2022,Minnesota,1,98.0,91.0,91.0,0,0,0,1,0,0,66.0,0
2022,Syracuse,1,99.0,91.0,91.0,0,0,0,1,0,0,68.0,0
2023,Stanford,3,1.0,95.67,96.0,1,2,2,2,0,1,71.7,9
2023,UCLA,4,2.0,95.75,95.5,1,3,4,2,1,1,70.8,13
2023,Texas A&M,3,3.0,95.0,95.0,1,1,2,1,2,0,72.0,7
2023,UConn,2,4.0,98.0,98.0,2,2,2,0,1,1,74.5,12
2023,Oregon State,2,6.0,97.5,97.5,2,2,2,0,1,1,74.5,12
2023,Oregon,4,7.0,95.75,96.0,1,2,3,1,2,1,73.5,10
2023,USC,1,8.0,97.0,97.0,1,1,1,1,0,0,69.0,6
2023,Arizona,4,9.0,94.75,95.5,1,2,3,3,1,0,70.8,10
2023,Tennessee,1,11.0,97.0,97.0,0,1,1,0,1,0,74.0,3
2023,South Carolina,2,12.0,96.5,96.5,0,2,2,1,0,1,73.5,6
2023,Florida State,1,14.0,97.0,97.0,0,1,1,1,0,0,68.0,3
2023,Clemson,1,15.0,97.0,97.0,0,1,1,1,0,0,72.0,3
2023,Duke,2,16.0,95.5,95.5,0,1,2,1,1,0,72.5,4
2023,Baylor,3,17.0,94.67,95.0,0,1,2,0,2,1,74.0,4
2023,Ohio State,1,23.0,95.0,95.0,0,1,1,0,1,0,71.0,3
2023,Georgia Tech,2,24.0,94.5,94.5,0,1,1,2,0,0,70.5,3
2023,Miami (FL),2,25.0,95.0,95.0,0,1,2,0,1,1,76.0,4
2023,LSU,2,26.0,94.5,94.5,0,0,1,1,1,0,72.0,1
2023,UNC,1,27.0,95.0,95.0,0,0,1,1,0,0,67.0,1
2023,Minnesota,3,28.0,94.67,95.0,0,0,2,2,1,0,71.7,2
2023,Notre Dame,1,29.0,95.0,95.0,0,0,1,1,0,0,70.0,1
2023,Nebraska,1,32.0,95.0,95.0,0,0,1,0,0,1,78.0,1
2023,Texas,3,34.0,93.67,93.0,0,0,1,1,2,0,73.7,1
2023,Louisville,4,35.0,94.0,94.5,0,0,2,1,2,1,73.2,2
2023,Washington,3,40.0,93.67,94.0,0,0,1,3,0,0,70.3,1
2023,Maryland,3,42.0,94.0,94.0,0,0,1,3,0,0,70.7,1
2023,Princeton,2,43.0,94.0,94.0,0,0,2,1,1,0,73.0,2
2023,Virginia Tech,1,44.0,94.0,94.0,0,0,1,1,0,0,71.0,1
2023,Iowa,3,45.0,92.33,92.0,0,0,1,1,2,0,72.0,1
2023,Georgia,1,47.0,94.0,94.0,0,0,1,0,1,0,73.0,1
2023,Michigan,2,48.0,92.5,92.5,0,0,1,1,1,0,72.5,1
2023,Auburn,1,50.0,94.0,94.0,0,0,1,1,0,0,66.0,1
2023,California,1,51.0,94.0,94.0,0,0,0,1,0,0,72.0,0
2023,Texas Tech,1,54.0,94.0,94.0,0,0,0,1,0,0,71.0,0
2023,Penn State,1,56.0,94.0,94.0,0,0,0,1,0,0,67.0,0
2023,Rutgers,1,64.0,93.0,93.0,0,0,0,0,1,0,71.0,0
2023,Illinois,1,65.0,93.0,93.0,0,0,0,1,0,0,71.0,0
2023,UCF,1,66.0,93.0,93.0,0,0,0,0,1,0,73.0,0
2023,Indiana,1,68.0,93.0,93.0,0,0,0,1,0,0,68.0,0
2023,Kentucky,2,69.0,92.0,92.0,0,0,0,1,0,1,73.0,0
2023,East Carolina,1,70.0,93.0,93.0,0,0,0,0,1,0,74.0,0
2023,Virginia,1,72.0,92.0,92.0,0,0,0,1,0,0,67.0,0
2023,Arizona State,1,73.0,92.0,92.0,0,0,0,1,0,0,68.0,0
2023,Missouri,1,74.0,92.0,92.0,0,0,0,1,0,0,70.0,0
2023,Georgetown,1,75.0,92.0,92.0,0,0,0,1,0,0,68.0,0
2023,Marquette,1,77.0,92.0,92.0,0,0,0,1,0,0,70.0,0
2023,Michigan State,1,80.0,92.0,92.0,0,0,0,1,0,0,69.0,0
2023,Vanderbilt,2,82.0,91.0,91.0,0,0,0,1,0,1,74.0,0
2023,West Virginia,1,83.0,91.0,91.0,0,0,0,1,0,0,72.0,0
2023,Mississippi State,1,84.0,91.0,91.0,0,0,0,0,1,0,73.0,0
2023,Harvard,1,86.0,91.0,91.0,0,0,0,1,0,0,71.0,0
2023,Purdue,1,87.0,91.0,91.0,0,0,0,0,1,0,76.0,0
2023,Boston College,1,88.0,91.0,91.0,0,0,0,0,1,0,77.0,0
2023,Wisconsin,2,90.0,91.0,91.0,0,0,0,1,1,0,71.5,0
2023,Northwestern,1,91.0,91.0,91.0,0,0,0,1,0,0,69.0,0
2023,Yale,1,92.0,91.0,91.0,0,0,0,1,0,0,72.0,0
2023,DePaul,1,95.0,91.0,91.0,0,0,0,0,1,0,74.0,0
2023,Oklahoma,1,96.0,91.0,91.0,0,0,0,0,0,1,75.0,0
2023,Pittsburgh,1,98.0,91.0,91.0,0,0,0,1,0,0,70.0,0
2023,Montana,1,100.0,91.0,91.0,0,0,0,1,0,0,69.0,0
2024,USC,2,1.0,96.0,96.0,1,1,2,2,0,0,69.0,7
2024,LSU,4,2.0,95.5,95.5,2,2,3,2,1,1,72.2,13
2024,Duke,4,3.0,95.0,95.0,1,1,3,2,2,0,72.2,8
2024,UNC,3,4.0,94.67,95.0,1,1,2,1,0,2,71.7,7
2024,Notre Dame,3,5.0,96.33,96.0,1,3,3,2,1,0,71.0,12
2024,UConn,3,6.0,95.67,96.0,1,2,3,2,1,0,70.7,10
2024,Arizona,4,8.0,95.0,96.0,1,3,3,1,2,1,72.0,12
2024,NC State,4,9.0,94.0,93.0,1,1,1,2,1,1,72.5,6
2024,Stanford,3,10.0,95.33,95.0,1,1,3,2,1,0,70.3,8
2024,Arkansas,2,11.0,95.0,95.0,0,1,1,1,1,0,72.0,3
2024,Texas,2,12.0,95.0,95.0,0,1,2,1,1,0,72.0,4
2024,South Carolina,4,13.0,95.25,95.5,0,3,4,2,2,0,70.8,10
2024,Maryland,2,18.0,94.5,94.5,0,1,1,0,2,0,72.5,3
2024,Florida,1,19.0,96.0,96.0,0,1,1,1,0,0,72.0,3
2024,Alabama,3,22.0,94.33,94.0,0,1,2,1,0,2,74.0,4
2024,Oklahoma,1,23.0,96.0,96.0,0,1,1,0,1,0,70.0,3
2024,Virginia,2,24.0,95.0,95.0,0,1,2,2,0,0,70.5,4
2024,Oregon,3,26.0,94.0,94.0,0,0,2,0,3,0,73.7,2
2024,Washington,3,28.0,93.67,94.0,0,0,2,3,0,0,69.7,2
2024,Iowa State,3,31.0,94.0,94.0,0,0,2,0,2,1,74.3,2
2024,UCLA,1,32.0,95.0,95.0,0,0,1,0,0,1,76.0,1
2024,BYU,1,33.0,95.0,95.0,0,0,1,1,0,0,70.0,1
2024,Kansas,1,34.0,95.0,95.0,0,0,1,0,1,0,72.0,1
2024,Texas A&M,3,35.0,94.0,94.0,0,0,1,3,0,0,68.7,1
2024,Baylor,1,36.0,95.0,95.0,0,0,1,0,0,1,79.0,1
2024,Purdue,3,43.0,92.67,93.0,0,0,1,2,1,0,71.3,1
2024,Mississippi State,3,48.0,93.33,93.0,0,0,1,2,0,1,72.3,1
2024,Indiana,2,52.0,93.5,93.5,0,0,0,2,0,0,72.5,0
2024,Missouri,1,53.0,94.0,94.0,0,0,0,0,1,0,73.0,0
2024,Virginia Tech,4,58.0,92.5,93.0,0,0,0,2,1,1,71.2,0
2024,Michigan,3,59.0,93.0,93.0,0,0,0,3,0,0,71.7,0
2024,DePaul,1,60.0,93.0,93.0,0,0,0,1,0,0,67.0,0
2024,Vanderbilt,1,63.0,93.0,93.0,0,0,0,0,1,0,74.0,0
2024,Princeton,1,64.0,93.0,93.0,0,0,0,0,1,0,71.0,0
2024,Wake Forest,2,67.0,93.0,93.0,0,0,0,1,1,0,71.0,0
2024,Washington State,1,68.0,93.0,93.0,0,0,0,1,0,0,73.0,0
2024,Ohio State,1,70.0,93.0,93.0,0,0,0,1,0,0,66.0,0
2024,Syracuse,1,72.0,93.0,93.0,0,0,0,0,1,0,73.0,0
2024,Colorado,2,75.0,93.0,93.0,0,0,0,1,1,0,71.5,0
2024,TCU,2,81.0,92.5,92.5,0,0,0,1,1,0,70.0,0
2024,Oregon State,1,82.0,93.0,93.0,0,0,0,1,0,0,71.0,0
2024,Iowa,1,84.0,93.0,93.0,0,0,0,0,1,0,74.0,0
2024,Ole Miss,2,88.0,92.0,92.0,0,0,0,1,1,0,70.5,0
2024,Texas Tech,1,89.0,92.0,92.0,0,0,0,1,0,0,68.0,0
2024,Nebraska,1,91.0,92.0,92.0,0,0,0,1,0,0,70.0,0
2024,East Carolina,1,94.0,91.0,91.0,0,0,0,1,0,0,70.0,0
2024,Minnesota,1,98.0,91.0,91.0,0,0,0,1,0,0,70.0,0
2024,Georgia,1,100.0,91.0,91.0,0,0,0,0,1,0,73.0,0
2025,UConn,3,1.0,97.67,98.0,2,3,3,2,1,0,72.7,15
2025,Ohio State,3,2.0,94.33,94.0,1,1,1,2,1,0,70.0,6
2025,South Carolina,3,3.0,97.0,97.0,1,2,3,1,1,1,73.7,10
2025,Michigan,2,4.0,97.0,97.0,1,2,2,2,0,0,72.5,9
2025,Notre Dame,1,5.0,98.0,98.0,1,1,1,0,0,1,76.0,6
2025,USC,6,6.0,95.17,95.5,1,3,4,3,3,0,72.0,13
2025,Vanderbilt,1,8.0,98.0,98.0,1,1,1,1,0,0,72.0,6
2025,Texas,3,9.0,96.33,97.0,1,2,3,2,1,0,71.7,10
2025,Duke,3,10.0,95.33,97.0,1,2,2,0,3,0,74.7,9
2025,Florida,2,15.0,96.0,96.0,0,1,2,1,0,1,72.0,4
2025,UCLA,3,18.0,95.67,96.0,0,1,3,1,2,0,74.0,5
2025,Louisville,4,19.0,95.0,96.0,0,3,3,3,1,0,70.2,9
2025,NC State,2,21.0,95.0,95.0,0,1,2,1,1,0,69.0,4
2025,Illinois,1,22.0,96.0,96.0,0,1,1,0,1,0,73.0,3
2025,Nebraska,1,25.0,96.0,96.0,0,1,1,1,0,0,71.0,3
2025,Rutgers,1,27.0,96.0,96.0,0,0,1,1,0,0,69.0,1
2025,Georgia Tech,3,29.0,93.67,94.0,0,0,2,3,0,0,67.3,2
2025,UNC,3,32.0,94.0,94.0,0,0,1,2,0,1,72.3,1
2025,Miami (FL),2,33.0,95.0,95.0,0,0,2,2,0,0,66.0,2
2025,Oregon,1,34.0,95.0,95.0,0,0,1,1,0,0,71.0,1
2025,Maryland,2,35.0,94.5,94.5,0,0,2,1,1,0,71.5,2
2025,Alabama,1,36.0,95.0,95.0,0,0,1,1,0,0,71.0,1
2025,Tennessee,1,37.0,95.0,95.0,0,0,1,1,0,0,69.0,1
2025,Washington,1,39.0,95.0,95.0,0,0,1,1,0,0,70.0,1
2025,Kentucky,1,40.0,95.0,95.0,0,0,1,0,1,0,74.0,1
2025,Iowa,4,42.0,93.25,93.5,0,0,1,3,0,1,71.0,1
2025,Mississippi State,1,43.0,94.0,94.0,0,0,1,0,1,0,75.0,1
2025,Stanford,3,44.0,93.33,94.0,0,0,1,1,2,0,72.0,1
2025,Oklahoma,2,46.0,93.5,93.5,0,0,1,1,1,0,70.0,1
2025,Colorado,2,48.0,93.0,93.0,0,0,1,0,2,0,73.5,1
2025,Baylor,2,51.0,93.5,93.5,0,0,0,1,1,0,70.5,0
2025,Northwestern,1,55.0,94.0,94.0,0,0,0,1,0,0,65.0,0
2025,California,2,56.0,93.0,93.0,0,0,0,1,1,0,72.0,0
2025,Purdue,1,57.0,94.0,94.0,0,0,0,1,0,0,67.0,0
2025,Texas A&M,1,60.0,94.0,94.0,0,0,0,1,0,0,73.0,0
2025,Indiana,1,61.0,93.0,93.0,0,0,0,0,1,0,75.0,0
2025,Michigan State,2,62.0,92.0,92.0,0,0,0,1,1,0,68.5,0
2025,Minnesota,1,63.0,93.0,93.0,0,0,0,1,0,0,69.0,0
2025,Texas Tech,1,64.0,93.0,93.0,0,0,0,1,0,0,73.0,0
2025,Boston College,1,66.0,93.0,93.0,0,0,0,1,0,0,65.0,0
2025,Georgia,4,67.0,92.5,93.0,0,0,0,3,1,0,69.8,0
2025,Virginia Tech,1,68.0,93.0,93.0,0,0,0,0,1,0,72.0,0
2025,Utah,1,70.0,93.0,93.0,0,0,0,1,0,0,68.0,0
2025,Loyola Chicago,1,75.0,92.0,92.0,0,0,0,0,1,0,75.0,0
2025,BYU,1,77.0,92.0,92.0,0,0,0,1,0,0,70.0,0
2025,West Virginia,2,78.0,92.0,92.0,0,0,0,0,1,1,73.5,0
2025,Arizona,1,81.0,92.0,92.0,0,0,0,1,0,0,67.0,0
2025,South Dakota State,1,83.0,92.0,92.0,0,0,0,0,1,0,74.0,0
2025,Syracuse,1,85.0,92.0,92.0,0,0,0,0,1,0,74.0,0
2025,Memphis,1,86.0,92.0,92.0,0,0,0,1,0,0,68.0,0
2025,UNLV,1,89.0,92.0,92.0,0,0,0,1,0,0,67.0,0
2025,LSU,1,90.0,92.0,92.0,0,0,0,1,0,0,66.0,0
2025,Oklahoma State,1,91.0,92.0,92.0,0,0,0,1,0,0,65.0,0
2025,Villanova,1,97.0,91.0,91.0,0,0,0,1,0,0,67.0,0
2025,Harvard,1,98.0,91.0,91.0,0,0,0,0,1,0,72.0,0
2025,Virginia,1,99.0,91.0,91.0,0,0,0,0,1,0,73.0,0
2025,St. John's (NY),1,100.0,91.0,91.0,0,0,0,1,0,0,64.0,0
2026,USC,1,1.0,98.0,98.0,1,1,1,1,0,0,73.0,6
2026,UCLA,1,2.0,98.0,98.0,1,1,1,0,1,0,76.0,6
2026,Oklahoma,3,3.0,95.0,94.0,1,1,2,2,1,0,72.0,7
2026,Duke,1,4.0,97.0,97.0,1,1,1,1,0,0,72.0,6
2026,Texas,1,5.0,97.0,97.0,1,1,1,1,0,0,73.0,6
2026,South Carolina,2,6.0,96.5,96.5,1,2,2,0,2,0,73.5,9
2026,LSU,4,7.0,96.25,96.5,2,3,4,3,1,0,71.2,16
2026,Stanford,4,8.0,95.25,96.5,1,3,3,1,3,0,74.2,12
2026,Tennessee,5,9.0,95.2,96.0,1,3,4,3,2,0,69.8,13
2026,Cincinnati,2,11.0,95.0,95.0,0,1,1,2,0,0,70.0,3
2026,UNC,3,13.0,95.0,96.0,0,1,2,1,2,0,72.7,4
2026,Washington,2,14.0,94.5,94.5,0,1,1,0,2,0,73.5,3
2026,Kansas State,3,16.0,94.33,94.0,0,1,2,3,0,0,72.0,4
2026,Kentucky,1,18.0,96.0,96.0,0,1,1,0,1,0,74.0,3
2026,Kansas,3,19.0,95.33,96.0,0,1,3,2,1,0,72.3,5
2026,California,2,22.0,94.0,94.0,0,1,1,2,0,0,68.5,3
2026,Iowa,2,23.0,94.0,94.0,0,1,1,1,0,1,74.0,3
2026,UConn,2,25.0,94.0,94.0,0,1,1,1,0,1,73.0,3
2026,Notre Dame,1,26.0,96.0,96.0,0,0,1,0,1,0,74.0,1
2026,Utah,2,28.0,95.0,95.0,0,0,2,2,0,0,69.0,2
2026,Illinois,4,29.0,93.75,94.0,0,0,3,1,3,0,72.2,3
2026,Pittsburgh,2,30.0,93.5,93.5,0,0,1,2,0,0,69.0,1
2026,Michigan State,2,33.0,93.0,93.0,0,0,1,2,0,0,69.5,1
2026,Maryland,1,34.0,95.0,95.0,0,0,1,1,0,0,69.0,1
2026,Indiana,2,35.0,94.5,94.5,0,0,2,1,1,0,72.5,2
2026,Miami (FL),4,36.0,93.0,93.0,0,0,1,3,1,0,72.0,1
2026,Mississippi State,3,37.0,93.33,94.0,0,0,2,1,2,0,73.7,2
2026,Michigan,3,39.0,92.67,93.0,0,0,1,1,2,0,72.3,1
2026,Baylor,1,41.0,94.0,94.0,0,0,1,1,0,0,72.0,1
2026,Georgia,3,46.0,93.0,94.0,0,0,2,2,1,0,72.7,2
2026,Alabama,3,51.0,92.67,93.0,0,0,0,2,1,0,71.0,0
2026,Minnesota,1,52.0,94.0,94.0,0,0,0,1,0,0,71.0,0
2026,Oregon,1,53.0,94.0,94.0,0,0,0,1,0,0,70.0,0
2026,Oklahoma State,1,56.0,93.0,93.0,0,0,0,1,0,0,72.0,0
2026,Florida,1,59.0,93.0,93.0,0,0,0,0,1,0,73.0,0
2026,Syracuse,1,60.0,93.0,93.0,0,0,0,0,1,0,73.0,0
2026,Harvard,1,61.0,93.0,93.0,0,0,0,0,1,0,73.0,0
2026,Purdue,1,63.0,93.0,93.0,0,0,0,0,0,1,77.0,0
2026,Clemson,2,64.0,92.0,92.0,0,0,0,1,1,0,70.5,0
2026,NC State,2,65.0,92.5,92.5,0,0,0,2,0,0,69.5,0
2026,,1,69.0,92.0,92.0,0,0,0,1,0,0,72.0,0
2026,Creighton,3,70.0,91.67,92.0,0,0,0,1,2,0,71.3,0
2026,Virginia Tech,2,74.0,92.0,92.0,0,0,0,1,1,0,71.5,0
2026,Boston College,1,76.0,92.0,92.0,0,0,0,1,0,0,70.0,0
2026,Louisville,1,78.0,92.0,92.0,0,0,0,0,1,0,76.0,0
2026,Villanova,1,79.0,92.0,92.0,0,0,0,1,0,0,72.0,0
2026,Colorado,1,81.0,92.0,92.0,0,0,0,0,1,0,75.0,0
2026,Ohio State,1,83.0,92.0,92.0,0,0,0,1,0,0,73.0,0
2026,BYU,1,86.0,91.0,91.0,0,0,0,1,0,0,68.0,0
2026,West Virginia,1,88.0,91.0,91.0,0,0,0,1,0,0,71.0,0
2026,Ole Miss,1,90.0,91.0,91.0,0,0,0,1,0,0,69.0,0
2026,Virginia,1,94.0,91.0,91.0,0,0,0,1,0,0,70.0,0
2026,Auburn,1,95.0,91.0,91.0,0,0,0,1,0,0,70.0,0
2027,USC,1,1.0,98.0,98.0,1,1,1,1,0,0,,6
2027,Tennessee,2,2.0,95.5,95.5,1,1,1,0,2,0,,6
2027,UConn,1,3.0,98.0,98.0,1,1,1,0,0,1,,6
2027,UNC,2,4.0,96.0,96.0,1,1,1,1,1,0,,6
2027,South Carolina,3,5.0,96.0,96.0,1,3,3,1,2,0,,12
2027,Iowa,1,6.0,97.0,97.0,1,1,1,0,1,0,,6
2027,Maryland,2,7.0,95.5,95.5,1,1,2,1,1,0,,7
2027,Texas,4,8.0,95.5,96.0,2,3,3,2,2,0,,15
2027,Notre Dame,5,9.0,94.4,95.0,1,2,4,1,4,0,,11
2027,Clemson,4,11.0,94.75,94.5,0,1,4,2,2,0,,6
2027,Duke,4,12.0,95.25,95.5,0,3,4,3,0,1,,10
2027,Kentucky,3,13.0,95.33,95.0,0,3,3,2,1,0,,9
2027,Vanderbilt,2,14.0,95.5,95.5,0,1,2,1,1,0,,4
2027,Michigan State,1,15.0,96.0,96.0,0,1,1,0,0,1,,3
2027,FSU,3,21.0,94.33,95.0,0,1,2,1,2,0,,4
2027,Nebraska,3,22.0,92.67,92.0,0,1,1,3,0,0,,3
2027,Oregon,2,26.0,94.5,94.5,0,0,2,1,0,1,,2
2027,Indiana,3,28.0,94.33,95.0,0,0,2,2,1,0,,2
2027,LSU,1,29.0,95.0,95.0,0,0,1,0,1,0,,1
2027,Kansas,2,33.0,93.5,93.5,0,0,1,0,1,1,,1
2027,Louisville,2,34.0,94.0,94.0,0,0,1,2,0,0,,1
2027,Oklahoma,2,36.0,93.0,93.0,0,0,1,1,1,0,,1
2027,NC State,2,38.0,92.5,92.5,0,0,1,0,2,0,,1
2027,Minnesota,2,40.0,93.5,93.5,0,0,1,2,0,0,,1
2027,Texas A&M,2,44.0,93.5,93.5,0,0,1,1,1,0,,1
2027,Michigan,2,45.0,93.5,93.5,0,0,1,1,0,1,,1
2027,Washington,1,46.0,94.0,94.0,0,0,1,1,0,0,,1
2027,Wisconsin,1,47.0,94.0,94.0,0,0,1,0,1,0,,1
2027,Florida,2,48.0,94.0,94.0,0,0,1,2,0,0,,1
2027,Arkansas,1,49.0,94.0,94.0,0,0,1,1,0,0,,1
2027,Penn State,1,51.0,94.0,94.0,0,0,0,1,0,0,,0
2027,Arizona State,1,54.0,94.0,94.0,0,0,0,1,0,0,,0
2027,UC Santa Barbara,1,55.0,93.0,93.0,0,0,0,1,0,0,,0
2027,Arizona,2,60.0,93.0,93.0,0,0,0,2,0,0,,0
2027,Utah,2,65.0,92.0,92.0,0,0,0,1,1,0,,0
2027,Illinois State,1,66.0,93.0,93.0,0,0,0,1,0,0,,0
2027,Texas Tech,2,67.0,92.0,92.0,0,0,0,2,0,0,,0
2027,Virginia Tech,1,70.0,92.0,92.0,0,0,0,1,0,0,,0
2027,Auburn,2,72.0,92.0,92.0,0,0,0,1,1,0,,0
2027,Middle Tennessee,1,73.0,92.0,92.0,0,0,0,1,0,0,,0
2027,Ohio State,1,74.0,92.0,92.0,0,0,0,1,0,0,,0
2027,Mississippi State,1,75.0,92.0,92.0,0,0,0,1,0,0,,0
2027,Grand Canyon,1,76.0,92.0,92.0,0,0,0,1,0,0,,0
2027,SMU,2,78.0,91.5,91.5,0,0,0,1,1,0,,0
2027,Missouri,2,79.0,91.5,91.5,0,0,0,1,1,0,,0
2027,Richmond,1,80.0,92.0,92.0,0,0,0,1,0,0,,0
2027,Oregon State,1,83.0,91.0,91.0,0,0,0,1,0,0,,0
2027,Columbia,1,84.0,91.0,91.0,0,0,0,0,1,0,,0
2027,UNLV,2,85.0,91.0,91.0,0,0,0,2,0,0,,0
2027,Stanford,2,86.0,91.0,91.0,0,0,0,2,0,0,,0
2027,Seton Hall,1,87.0,91.0,91.0,0,0,0,0,0,1,,0
2027,Florida Atlantic,1,89.0,91.0,91.0,0,0,0,1,0,0,,0
2027,,2,90.0,91.0,91.0,0,0,0,0,1,0,,0
2027,East Carolina,1,96.0,91.0,91.0,0,0,0,0,1,0,,0
2027,Northwestern,1,97.0,91.0,91.0,0,0,0,1,0,0,,0
2027,St. John's (NY),1,99.0,91.0,91.0,0,0,0,1,0,0,,0
