team,season,conference,portal_in_count,portal_out_count,top_recruit_rank,avg_espn_grade,n_top10_recruits,n_top25_recruits,n_top50_recruits,n_recruits,recruit_star_index,n_guards,n_wings_forwards,n_bigs,avg_height_inches,ap_rank_preseason,ap_rank_peak,ap_rank_final,weeks_in_top25,peak_streak,wins,losses,win_pct,net_rating
Arizona,2021,Pac 12,,,,,,,,,,,,,,7.0,6.0,11.0,17.0,17.0,21.0,6.0,0.778,
Arkansas,2021,SEC,,,,,,,,,,,,,,14.0,10.0,15.0,17.0,17.0,19.0,9.0,0.679,
Baylor,2021,Big 12,,,,,,,,,,,,,,4.0,4.0,5.0,17.0,17.0,28.0,3.0,0.903,
DePaul,2021,Big East,,,,,,,,,,,,,,19.0,17.0,,15.0,15.0,14.0,10.0,0.583,
Florida Gulf Coast,2021,ASUN,,,,,,,,,,,,,,,24.0,24.0,2.0,2.0,26.0,3.0,0.897,
Georgia,2021,SEC,,,,,,,,,,,,,,,12.0,10.0,9.0,9.0,21.0,7.0,0.75,
Gonzaga,2021,WCC,,,,,,,,,,,,,,21.0,16.0,14.0,17.0,17.0,23.0,4.0,0.852,
Indiana,2021,Big Ten,,,,,,,,,,,,,,16.0,9.0,12.0,17.0,17.0,21.0,6.0,0.778,
Iowa State,2021,Big 12,,,,,,,,,,,,,,15.0,23.0,,3.0,3.0,17.0,11.0,0.607,
Kentucky,2021,SEC,,,,,,,,,,,,,,11.0,9.0,18.0,17.0,17.0,18.0,9.0,0.667,
Louisville,2021,ACC,,,,,,,,,,,,,,5.0,1.0,8.0,17.0,17.0,26.0,4.0,0.867,
Maryland,2021,Big Ten,,,,,,,,,,,,,,12.0,7.0,7.0,17.0,17.0,26.0,3.0,0.897,
Michigan,2021,Big Ten,,,,,,,,,,,,,,25.0,11.0,16.0,17.0,17.0,16.0,6.0,0.727,
Michigan State,2021,Big Ten,,,,,,,,,,,,,,,23.0,,3.0,3.0,15.0,9.0,0.625,
Mississippi State,2021,SEC,,,,,,,,,,,,,,6.0,6.0,,11.0,11.0,10.0,9.0,0.526,
Missouri State,2021,MVC,,,,,,,,,,,,,,24.0,20.0,20.0,13.0,13.0,23.0,3.0,0.885,
NC State,2021,ACC,,,,,,,,,,,,,,8.0,2.0,3.0,17.0,17.0,22.0,3.0,0.88,
Northwestern,2021,Big Ten,,,,,,,,,,,,,,17.0,15.0,,13.0,13.0,16.0,9.0,0.64,
Notre Dame,2021,ACC,,,,,,,,,,,,,,22.0,,,1.0,1.0,10.0,10.0,0.5,
Ohio State,2021,Big Ten,,,,,,,,,,,,,,20.0,11.0,22.0,17.0,17.0,13.0,7.0,0.65,
Oregon,2021,Pac 12,,,,,,,,,,,,,,10.0,8.0,23.0,17.0,17.0,15.0,9.0,0.625,
Oregon State,2021,Pac 12,,,,,,,,,,,,,,18.0,15.0,,4.0,4.0,12.0,8.0,0.6,
Rutgers,2021,Big Ten,,,,,,,,,,,,,,,19.0,21.0,4.0,4.0,14.0,5.0,0.737,
South Carolina,2021,SEC,,,,,,,,,,,,,,1.0,1.0,6.0,17.0,17.0,26.0,5.0,0.839,
South Dakota State,2021,Summit,,,,,,,,,,,,,,,21.0,25.0,9.0,9.0,21.0,4.0,0.84,
South Florida,2021,AAC,,,,,,,,,,,,,,,12.0,19.0,14.0,14.0,19.0,4.0,0.826,
Stanford,2021,Pac 12,,,,,,,,,,,,,,2.0,1.0,2.0,17.0,17.0,31.0,2.0,0.939,
Syracuse,2021,ACC,,,,,,,,,,,,,,23.0,18.0,,9.0,9.0,15.0,9.0,0.625,
Tennessee,2021,SEC,,,,,,,,,,,,,,,14.0,13.0,10.0,10.0,17.0,8.0,0.68,
Texas,2021,Big 12,,,,,,,,,,,,,,,17.0,,7.0,7.0,21.0,10.0,0.677,
Texas A&M,2021,SEC,,,,,,,,,,,,,,13.0,2.0,4.0,17.0,17.0,25.0,3.0,0.893,
UCLA,2021,Pac 12,,,,,,,,,,,,,,9.0,5.0,9.0,17.0,17.0,17.0,6.0,0.739,
UConn,2021,Big East,,,,,,,,,,,,,,3.0,1.0,1.0,17.0,17.0,28.0,2.0,0.933,
Washington State,2021,Pac 12,,,,,,,,,,,,,,,25.0,,1.0,1.0,12.0,12.0,0.5,
West Virginia,2021,Big 12,,,,,,,,,,,,,,,17.0,17.0,8.0,8.0,22.0,7.0,0.759,
Alabama,2022,,,,75.0,91.0,0.0,0.0,0.0,1.0,0.0,0.0,1.0,0.0,73.0,,,,,,20.0,14.0,0.588,
Arizona,2022,Pac 12,,,71.0,91.0,0.0,0.0,0.0,2.0,0.0,1.0,0.0,1.0,73.0,22.0,4.0,19.0,19.0,19.0,21.0,8.0,0.724,
Arizona State,2022,,,,33.0,94.0,0.0,0.0,1.0,1.0,1.0,0.0,1.0,0.0,75.0,,,,,,12.0,15.0,0.444,
Arkansas,2022,,,,7.0,96.5,1.0,2.0,2.0,2.0,9.0,0.0,1.0,1.0,76.5,,,,,,18.0,14.0,0.562,
BYU,2022,WCC,,,74.0,91.0,0.0,0.0,0.0,1.0,0.0,0.0,0.0,1.0,76.0,,15.0,20.0,16.0,16.0,26.0,4.0,0.867,
Baylor,2022,Big 12,,,,,,,,,,,,,,7.0,4.0,7.0,19.0,19.0,28.0,7.0,0.8,
Boston College,2022,,,,95.0,91.0,0.0,0.0,0.0,1.0,0.0,0.0,1.0,0.0,74.0,,,,,,21.0,12.0,0.636,
Clemson,2022,,,,52.0,93.0,0.0,0.0,0.0,1.0,0.0,1.0,0.0,0.0,71.0,,,,,,10.0,21.0,0.323,
Colorado,2022,Pac 12,,,82.0,91.0,0.0,0.0,0.0,1.0,0.0,1.0,0.0,0.0,69.0,,22.0,,3.0,3.0,22.0,9.0,0.71,
Davidson,2022,,,,96.0,91.0,0.0,0.0,0.0,1.0,0.0,1.0,0.0,0.0,70.0,,,,,,18.0,15.0,0.545,
Duke,2022,ACC,,,41.0,93.0,0.0,0.0,1.0,1.0,1.0,1.0,0.0,0.0,65.0,,15.0,,8.0,8.0,17.0,13.0,0.567,
Duquesne,2022,,,,90.0,91.0,0.0,0.0,0.0,1.0,0.0,1.0,0.0,0.0,70.0,,,,,,11.0,18.0,0.379,
Florida,2022,SEC,,,,,,,,,,,,,,,15.0,,4.0,4.0,21.0,11.0,0.656,
Florida Gulf Coast,2022,ASUN,,,,,,,,,,,,,,,22.0,23.0,10.0,10.0,30.0,3.0,0.909,
Florida State,2022,ACC,,,31.0,93.5,0.0,0.0,2.0,2.0,2.0,1.0,1.0,0.0,69.0,16.0,17.0,,4.0,4.0,17.0,14.0,0.548,
Georgia,2022,SEC,,,34.0,93.5,0.0,0.0,2.0,2.0,2.0,1.0,1.0,0.0,73.5,,13.0,,14.0,14.0,21.0,10.0,0.677,
Georgia Tech,2022,ACC,,,,,,,,,,,,,,17.0,11.0,,14.0,14.0,21.0,11.0,0.656,
Gonzaga,2022,,,,44.0,93.0,0.0,0.0,1.0,1.0,1.0,0.0,1.0,0.0,75.0,,,,,,27.0,7.0,0.794,
Green Bay,2022,,,,73.0,91.0,0.0,0.0,0.0,1.0,0.0,1.0,0.0,0.0,72.0,,,,,,20.0,8.0,0.714,
Illinois,2022,,,,53.0,92.0,0.0,0.0,0.0,1.0,0.0,1.0,0.0,0.0,70.0,,,,,,7.0,20.0,0.259,
Indiana,2022,Big Ten,,,,,,,,,,,,,,8.0,4.0,11.0,19.0,19.0,24.0,9.0,0.727,
Iowa,2022,Big Ten,,,39.0,92.0,0.0,0.0,1.0,2.0,1.0,0.0,0.0,2.0,75.0,9.0,8.0,8.0,18.0,18.0,24.0,8.0,0.75,
Iowa State,2022,Big 12,,,,,,,,,,,,,,12.0,6.0,10.0,19.0,19.0,28.0,7.0,0.8,
Jackson State,2022,,,,70.0,91.0,0.0,0.0,0.0,1.0,0.0,1.0,0.0,0.0,67.0,,,,,,23.0,7.0,0.767,
Kansas State,2022,Big 12,,,54.0,92.0,0.0,0.0,0.0,1.0,0.0,1.0,0.0,0.0,73.0,,25.0,,3.0,3.0,20.0,13.0,0.606,
Kentucky,2022,SEC,,,87.0,91.0,0.0,0.0,0.0,1.0,0.0,1.0,0.0,0.0,66.0,13.0,14.0,15.0,13.0,13.0,19.0,12.0,0.613,
LSU,2022,SEC,,,51.0,92.0,0.0,0.0,0.0,2.0,0.0,0.0,2.0,0.0,74.5,,6.0,9.0,15.0,15.0,26.0,6.0,0.812,
Louisville,2022,ACC,,,12.0,97.0,0.0,1.0,1.0,1.0,3.0,1.0,0.0,0.0,73.0,6.0,3.0,4.0,19.0,19.0,30.0,5.0,0.857,
Marquette,2022,,,,58.0,91.0,0.0,0.0,0.0,1.0,0.0,0.0,1.0,0.0,74.0,,,,,,23.0,11.0,0.676,
Maryland,2022,Big Ten,,,22.0,95.0,0.0,1.0,1.0,1.0,3.0,1.0,0.0,0.0,72.0,4.0,2.0,13.0,19.0,19.0,23.0,9.0,0.719,
Miami (FL),2022,,,,79.0,91.0,0.0,0.0,0.0,1.0,0.0,1.0,0.0,0.0,68.0,,,,,,21.0,13.0,0.618,
Michigan,2022,Big Ten,,,28.0,92.5,0.0,0.0,1.0,2.0,1.0,2.0,0.0,0.0,69.5,11.0,4.0,12.0,19.0,19.0,25.0,7.0,0.781,
Michigan State,2022,,,,23.0,95.0,0.0,1.0,1.0,1.0,3.0,1.0,0.0,0.0,67.0,,,,,,15.0,15.0,0.5,
Middle Tennessee,2022,,,,89.0,91.0,0.0,0.0,0.0,1.0,0.0,0.0,1.0,0.0,71.0,,,,,,27.0,8.0,0.771,
Minnesota,2022,,,,98.0,91.0,0.0,0.0,0.0,1.0,0.0,1.0,0.0,0.0,66.0,,,,,,15.0,18.0,0.455,
Mississippi State,2022,,,,40.0,92.5,0.0,0.0,1.0,2.0,1.0,2.0,0.0,0.0,69.5,,,,,,15.0,14.0,0.517,
Missouri,2022,,,,47.0,93.0,0.0,0.0,1.0,1.0,1.0,0.0,1.0,0.0,72.0,,,,,,18.0,13.0,0.581,
NC State,2022,ACC,,,36.0,92.0,0.0,0.0,1.0,2.0,1.0,1.0,0.0,1.0,73.0,5.0,2.0,3.0,19.0,19.0,32.0,4.0,0.889,
Nebraska,2022,,,,49.0,92.0,0.0,0.0,1.0,2.0,1.0,1.0,1.0,0.0,71.5,,,,,,24.0,9.0,0.727,
Northwestern,2022,,,,35.0,93.0,0.0,0.0,2.0,3.0,2.0,2.0,0.0,1.0,72.0,,,,,,17.0,12.0,0.586,
Notre Dame,2022,ACC,,,8.0,96.0,1.0,2.0,2.0,2.0,9.0,2.0,0.0,0.0,71.5,,14.0,21.0,16.0,16.0,25.0,9.0,0.735,
Ohio State,2022,Big Ten,,,,,,,,,,,,,,17.0,13.0,14.0,16.0,16.0,25.0,7.0,0.781,
Oklahoma,2022,Big 12,,,66.0,91.0,0.0,0.0,0.0,1.0,0.0,1.0,0.0,0.0,66.0,,12.0,22.0,11.0,11.0,25.0,9.0,0.735,
Oklahoma State,2022,,,,88.0,91.0,0.0,0.0,0.0,1.0,0.0,1.0,0.0,0.0,70.0,,,,,,9.0,20.0,0.31,
Ole Miss,2022,SEC,,,,,,,,,,,,,,,24.0,,1.0,1.0,23.0,9.0,0.719,
Oregon,2022,Pac 12,,,29.0,94.0,0.0,0.0,1.0,1.0,1.0,1.0,0.0,0.0,73.0,10.0,9.0,,8.0,8.0,21.0,12.0,0.636,
Oregon State,2022,Pac 12,,,25.0,93.33,0.0,1.0,2.0,3.0,4.0,2.0,1.0,0.0,71.7,14.0,15.0,,5.0,5.0,17.0,14.0,0.548,
Princeton,2022,Ivy,,,,,,,,,,,,,,,24.0,25.0,2.0,2.0,25.0,5.0,0.833,
Purdue,2022,,,,93.0,91.0,0.0,0.0,0.0,1.0,0.0,1.0,0.0,0.0,70.0,,,,,,17.0,15.0,0.531,
Rutgers,2022,,,,77.0,91.0,0.0,0.0,0.0,1.0,0.0,1.0,0.0,0.0,68.0,,,,,,11.0,20.0,0.355,
San Diego State,2022,,,,83.0,91.0,0.0,0.0,0.0,1.0,0.0,1.0,0.0,0.0,71.0,,,,,,15.0,16.0,0.484,
South Carolina,2022,SEC,,,2.0,97.5,3.0,4.0,4.0,4.0,21.0,3.0,1.0,0.0,71.5,1.0,1.0,1.0,19.0,19.0,35.0,2.0,0.946,
South Florida,2022,AAC,,,,,,,,,,,,,,21.0,13.0,,10.0,10.0,24.0,9.0,0.727,
Stanford,2022,Pac 12,,,11.0,94.33,0.0,2.0,2.0,3.0,6.0,1.0,2.0,0.0,72.7,3.0,2.0,2.0,19.0,19.0,32.0,4.0,0.889,
Syracuse,2022,,,,99.0,91.0,0.0,0.0,0.0,1.0,0.0,1.0,0.0,0.0,68.0,,,,,,11.0,18.0,0.379,
TCU,2022,,,,72.0,91.0,0.0,0.0,0.0,1.0,0.0,1.0,0.0,0.0,70.0,,,,,,6.0,22.0,0.214,
Temple,2022,,,,65.0,91.0,0.0,0.0,0.0,1.0,0.0,1.0,0.0,0.0,70.0,,,,,,13.0,15.0,0.464,
Tennessee,2022,SEC,,,43.0,92.33,0.0,0.0,2.0,3.0,2.0,1.0,2.0,0.0,72.7,15.0,4.0,18.0,19.0,19.0,25.0,9.0,0.735,
Texas,2022,Big 12,,,6.0,95.5,2.0,3.0,4.0,4.0,16.0,2.0,2.0,0.0,70.8,25.0,7.0,6.0,19.0,19.0,29.0,7.0,0.806,
Texas A&M,2022,SEC,,,91.0,91.0,0.0,0.0,0.0,1.0,0.0,0.0,0.0,1.0,75.0,23.0,17.0,,9.0,9.0,14.0,15.0,0.483,
Texas Tech,2022,,,,67.0,91.0,0.0,0.0,0.0,1.0,0.0,0.0,1.0,0.0,71.0,,,,,,11.0,19.0,0.367,
UCF,2022,AAC,,,84.0,91.0,0.0,0.0,0.0,1.0,0.0,1.0,0.0,0.0,70.0,,25.0,24.0,2.0,2.0,26.0,4.0,0.867,
UCLA,2022,Pac 12,,,26.0,94.0,0.0,0.0,1.0,1.0,1.0,1.0,0.0,0.0,69.0,20.0,19.0,,3.0,3.0,18.0,14.0,0.562,
UConn,2022,Big East,,,1.0,96.5,2.0,3.0,4.0,4.0,16.0,3.0,1.0,0.0,73.8,2.0,2.0,5.0,19.0,19.0,30.0,6.0,0.833,
UMass,2022,,,,97.0,91.0,0.0,0.0,0.0,1.0,0.0,1.0,0.0,0.0,71.0,,,,,,26.0,7.0,0.788,
UNC,2022,ACC,,,9.0,95.5,1.0,4.0,4.0,4.0,15.0,2.0,2.0,0.0,72.2,,16.0,17.0,13.0,13.0,25.0,7.0,0.781,
USC,2022,,,,21.0,94.5,0.0,1.0,2.0,2.0,4.0,1.0,0.0,1.0,76.0,,,,,,12.0,16.0,0.429,
Utah,2022,,,,42.0,93.0,0.0,0.0,1.0,1.0,1.0,0.0,1.0,0.0,74.0,,,,,,21.0,12.0,0.636,
Vanderbilt,2022,,,,57.0,91.0,0.0,0.0,0.0,2.0,0.0,1.0,1.0,0.0,70.0,,,,,,16.0,19.0,0.457,
Virginia Tech,2022,ACC,,,61.0,91.0,0.0,0.0,0.0,1.0,0.0,1.0,0.0,0.0,73.0,24.0,17.0,16.0,8.0,8.0,23.0,10.0,0.697,
Wake Forest,2022,,,,60.0,91.0,0.0,0.0,0.0,1.0,0.0,0.0,1.0,0.0,72.0,,,,,,16.0,17.0,0.485,
Washington,2022,,,,76.0,91.0,0.0,0.0,0.0,3.0,0.0,2.0,1.0,0.0,71.0,,,,,,7.0,16.0,0.304,
West Virginia,2022,Big 12,,,59.0,91.0,0.0,0.0,0.0,2.0,0.0,2.0,0.0,0.0,73.0,19.0,22.0,,3.0,3.0,15.0,15.0,0.5,
Xavier,2022,,,,46.0,93.0,0.0,0.0,1.0,1.0,1.0,0.0,1.0,0.0,75.0,,,,,,9.0,21.0,0.3,
Arizona,2023,Pac 12,,,9.0,94.75,1.0,2.0,3.0,4.0,10.0,3.0,1.0,0.0,70.8,19.0,12.0,24.0,18.0,18.0,22.0,10.0,0.688,
Arizona State,2023,,,,73.0,92.0,0.0,0.0,0.0,1.0,0.0,1.0,0.0,0.0,68.0,,,,,,8.0,22.0,0.267,
Arkansas,2023,SEC,,,,,,,,,,,,,,,17.0,,4.0,4.0,24.0,13.0,0.649,
Auburn,2023,,,,50.0,94.0,0.0,0.0,1.0,1.0,1.0,1.0,0.0,0.0,66.0,,,,,,16.0,15.0,0.516,
Baylor,2023,Big 12,,,17.0,94.67,0.0,1.0,2.0,3.0,4.0,0.0,2.0,1.0,74.0,18.0,17.0,,10.0,10.0,20.0,13.0,0.606,
Boston College,2023,,,,88.0,91.0,0.0,0.0,0.0,1.0,0.0,0.0,1.0,0.0,77.0,,,,,,16.0,17.0,0.485,
California,2023,,,,51.0,94.0,0.0,0.0,0.0,1.0,0.0,1.0,0.0,0.0,72.0,,,,,,13.0,17.0,0.433,
Clemson,2023,,,,15.0,97.0,0.0,1.0,1.0,1.0,3.0,1.0,0.0,0.0,72.0,,,,,,19.0,16.0,0.543,
Colorado,2023,Pac 12,,,,,,,,,,,,,,,20.0,20.0,7.0,7.0,26.0,9.0,0.743,
Creighton,2023,Big East,,,,,,,,,,,,,,21.0,13.0,,9.0,9.0,22.0,9.0,0.71,
DePaul,2023,,,,95.0,91.0,0.0,0.0,0.0,1.0,0.0,0.0,1.0,0.0,74.0,,,,,,16.0,17.0,0.485,
Duke,2023,ACC,,,16.0,95.5,0.0,1.0,2.0,2.0,4.0,1.0,1.0,0.0,72.5,,9.0,13.0,10.0,10.0,26.0,7.0,0.788,
East Carolina,2023,,,,70.0,93.0,0.0,0.0,0.0,1.0,0.0,0.0,1.0,0.0,74.0,,,,,,23.0,10.0,0.697,
Florida State,2023,ACC,,,14.0,97.0,0.0,1.0,1.0,1.0,3.0,1.0,0.0,0.0,68.0,,19.0,,5.0,5.0,23.0,10.0,0.697,
Georgetown,2023,,,,75.0,92.0,0.0,0.0,0.0,1.0,0.0,1.0,0.0,0.0,68.0,,,,,,14.0,17.0,0.452,
Georgia,2023,,,,47.0,94.0,0.0,0.0,1.0,1.0,1.0,0.0,1.0,0.0,73.0,,,,,,22.0,12.0,0.647,
Georgia Tech,2023,,,,24.0,94.5,0.0,1.0,1.0,2.0,3.0,2.0,0.0,0.0,70.5,,,,,,13.0,17.0,0.433,
Gonzaga,2023,WCC,,,,,,,,,,,,,,,15.0,16.0,15.0,15.0,28.0,5.0,0.848,
Harvard,2023,,,,86.0,91.0,0.0,0.0,0.0,1.0,0.0,1.0,0.0,0.0,71.0,,,,,,20.0,12.0,0.625,
Illinois,2023,Big Ten,,,65.0,93.0,0.0,0.0,0.0,1.0,0.0,1.0,0.0,0.0,71.0,,21.0,,4.0,4.0,22.0,10.0,0.688,
Indiana,2023,Big Ten,,,68.0,93.0,0.0,0.0,0.0,1.0,0.0,1.0,0.0,0.0,68.0,11.0,2.0,3.0,18.0,18.0,28.0,4.0,0.875,
Iowa,2023,Big Ten,,,45.0,92.33,0.0,0.0,1.0,3.0,1.0,1.0,2.0,0.0,72.0,4.0,4.0,2.0,18.0,18.0,31.0,7.0,0.816,
Iowa State,2023,Big 12,,,,,,,,,,,,,,8.0,5.0,,17.0,17.0,22.0,10.0,0.688,
Kansas,2023,Big 12,,,,,,,,,,,,,,,20.0,,5.0,5.0,25.0,11.0,0.694,
Kansas State,2023,Big 12,,,,,,,,,,,,,,,24.0,,2.0,2.0,19.0,17.0,0.528,
Kentucky,2023,,,,69.0,92.0,0.0,0.0,0.0,2.0,0.0,1.0,0.0,1.0,73.0,,,,,,12.0,19.0,0.387,
LSU,2023,SEC,,,26.0,94.5,0.0,0.0,1.0,2.0,1.0,1.0,1.0,0.0,72.0,16.0,3.0,9.0,18.0,18.0,34.0,2.0,0.944,
Louisville,2023,ACC,,,35.0,94.0,0.0,0.0,2.0,4.0,2.0,1.0,2.0,1.0,73.2,7.0,6.0,,4.0,4.0,26.0,12.0,0.684,
Marquette,2023,Big East,,,77.0,92.0,0.0,0.0,0.0,1.0,0.0,1.0,0.0,0.0,70.0,,24.0,,1.0,1.0,21.0,11.0,0.656,
Maryland,2023,Big Ten,,,42.0,94.0,0.0,0.0,1.0,3.0,1.0,3.0,0.0,0.0,70.7,17.0,5.0,6.0,18.0,18.0,28.0,7.0,0.8,
Miami (FL),2023,,,,25.0,95.0,0.0,1.0,2.0,2.0,4.0,0.0,1.0,1.0,76.0,,,,,,22.0,13.0,0.629,
Michigan,2023,Big Ten,,,48.0,92.5,0.0,0.0,1.0,2.0,1.0,1.0,1.0,0.0,72.5,25.0,12.0,18.0,18.0,18.0,23.0,10.0,0.697,
Michigan State,2023,,,,80.0,92.0,0.0,0.0,0.0,1.0,0.0,1.0,0.0,0.0,69.0,,,,,,16.0,14.0,0.533,
Middle Tennessee,2023,CUSA,,,,,,,,,,,,,,,21.0,25.0,5.0,5.0,28.0,5.0,0.848,
Minnesota,2023,,,,28.0,94.67,0.0,0.0,2.0,3.0,2.0,2.0,1.0,0.0,71.7,,,,,,11.0,19.0,0.367,
Mississippi State,2023,,,,84.0,91.0,0.0,0.0,0.0,1.0,0.0,0.0,1.0,0.0,73.0,,,,,,22.0,11.0,0.667,
Missouri,2023,,,,74.0,92.0,0.0,0.0,0.0,1.0,0.0,1.0,0.0,0.0,70.0,,,,,,18.0,14.0,0.562,
Montana,2023,,,,100.0,91.0,0.0,0.0,0.0,1.0,0.0,1.0,0.0,0.0,69.0,,,,,,14.0,16.0,0.467,
NC State,2023,ACC,,,,,,,,,,,,,,10.0,6.0,,14.0,14.0,20.0,12.0,0.625,
Nebraska,2023,Big Ten,,,32.0,95.0,0.0,0.0,1.0,1.0,1.0,0.0,0.0,1.0,78.0,22.0,22.0,,2.0,2.0,18.0,15.0,0.545,
Northwestern,2023,,,,91.0,91.0,0.0,0.0,0.0,1.0,0.0,1.0,0.0,0.0,69.0,,,,,,9.0,21.0,0.3,
Notre Dame,2023,ACC,,,29.0,95.0,0.0,0.0,1.0,1.0,1.0,1.0,0.0,0.0,70.0,9.0,4.0,11.0,18.0,18.0,27.0,6.0,0.818,
Ohio State,2023,Big Ten,,,23.0,95.0,0.0,1.0,1.0,1.0,3.0,0.0,1.0,0.0,71.0,14.0,2.0,12.0,18.0,18.0,28.0,8.0,0.778,
Oklahoma,2023,Big 12,,,96.0,91.0,0.0,0.0,0.0,1.0,0.0,0.0,0.0,1.0,75.0,15.0,13.0,14.0,16.0,16.0,26.0,7.0,0.788,
Oregon,2023,Pac 12,,,7.0,95.75,1.0,2.0,3.0,4.0,10.0,1.0,2.0,1.0,73.5,20.0,16.0,,11.0,11.0,20.0,15.0,0.571,
Oregon State,2023,,,,6.0,97.5,2.0,2.0,2.0,2.0,12.0,0.0,1.0,1.0,74.5,,,,,,13.0,18.0,0.419,
Penn State,2023,,,,56.0,94.0,0.0,0.0,0.0,1.0,0.0,1.0,0.0,0.0,67.0,,,,,,14.0,17.0,0.452,
Pittsburgh,2023,,,,98.0,91.0,0.0,0.0,0.0,1.0,0.0,1.0,0.0,0.0,70.0,,,,,,10.0,20.0,0.333,
Princeton,2023,Ivy,,,43.0,94.0,0.0,0.0,2.0,2.0,2.0,1.0,1.0,0.0,73.0,24.0,,,1.0,1.0,24.0,6.0,0.8,
Purdue,2023,,,,87.0,91.0,0.0,0.0,0.0,1.0,0.0,0.0,1.0,0.0,76.0,,,,,,19.0,11.0,0.633,
Rutgers,2023,,,,64.0,93.0,0.0,0.0,0.0,1.0,0.0,0.0,1.0,0.0,71.0,,,,,,12.0,20.0,0.375,
South Carolina,2023,SEC,,,12.0,96.5,0.0,2.0,2.0,2.0,6.0,1.0,0.0,1.0,73.5,1.0,1.0,1.0,18.0,18.0,36.0,1.0,0.973,
South Dakota State,2023,Summit,,,,,,,,,,,,,,23.0,,,1.0,1.0,29.0,6.0,0.829,
South Florida,2023,AAC,,,,,,,,,,,,,,,24.0,,3.0,3.0,27.0,7.0,0.794,
St. John's (NY),2023,Big East,,,,,,,,,,,,,,,24.0,,3.0,3.0,23.0,9.0,0.719,
Stanford,2023,Pac 12,,,1.0,95.67,1.0,2.0,2.0,3.0,9.0,2.0,0.0,1.0,71.7,2.0,2.0,5.0,18.0,18.0,29.0,6.0,0.829,
Tennessee,2023,SEC,,,11.0,97.0,0.0,1.0,1.0,1.0,3.0,0.0,1.0,0.0,74.0,5.0,11.0,23.0,4.0,4.0,25.0,12.0,0.676,
Texas,2023,Big 12,,,34.0,93.67,0.0,0.0,1.0,3.0,1.0,1.0,2.0,0.0,73.7,3.0,3.0,15.0,11.0,11.0,26.0,10.0,0.722,
Texas A&M,2023,,,,3.0,95.0,1.0,1.0,2.0,3.0,7.0,1.0,2.0,0.0,72.0,,,,,,9.0,20.0,0.31,
Texas Tech,2023,,,,54.0,94.0,0.0,0.0,0.0,1.0,0.0,1.0,0.0,0.0,71.0,,,,,,20.0,15.0,0.571,
UCF,2023,,,,66.0,93.0,0.0,0.0,0.0,1.0,0.0,0.0,1.0,0.0,73.0,,,,,,14.0,15.0,0.483,
UCLA,2023,Pac 12,,,2.0,95.75,1.0,3.0,4.0,4.0,13.0,2.0,1.0,1.0,70.8,,8.0,17.0,16.0,16.0,27.0,10.0,0.73,
UConn,2023,Big East,,,4.0,98.0,2.0,2.0,2.0,2.0,12.0,0.0,1.0,1.0,74.5,6.0,3.0,7.0,18.0,18.0,31.0,6.0,0.838,
UNC,2023,ACC,,,27.0,95.0,0.0,0.0,1.0,1.0,1.0,1.0,0.0,0.0,67.0,12.0,6.0,19.0,18.0,18.0,22.0,11.0,0.667,
UNLV,2023,MWC,,,,,,,,,,,,,,,22.0,21.0,4.0,4.0,31.0,3.0,0.912,
USC,2023,Pac 12,,,8.0,97.0,1.0,1.0,1.0,1.0,6.0,1.0,0.0,0.0,69.0,,25.0,,1.0,1.0,21.0,10.0,0.677,
Utah,2023,Pac 12,,,,,,,,,,,,,,,3.0,8.0,17.0,17.0,28.0,5.0,0.848,
Vanderbilt,2023,,,,82.0,91.0,0.0,0.0,0.0,2.0,0.0,1.0,0.0,1.0,74.0,,,,,,12.0,19.0,0.387,
Villanova,2023,Big East,,,,,,,,,,,,,,,11.0,10.0,14.0,14.0,30.0,7.0,0.811,
Virginia,2023,,,,72.0,92.0,0.0,0.0,0.0,1.0,0.0,1.0,0.0,0.0,67.0,,,,,,15.0,15.0,0.5,
Virginia Tech,2023,ACC,,,44.0,94.0,0.0,0.0,1.0,1.0,1.0,1.0,0.0,0.0,71.0,13.0,6.0,4.0,18.0,18.0,31.0,5.0,0.861,
Washington,2023,,,,40.0,93.67,0.0,0.0,1.0,3.0,1.0,3.0,0.0,0.0,70.3,,,,,,19.0,15.0,0.559,
Washington State,2023,Pac 12,,,,,,,,,,,,,,,,22.0,1.0,1.0,23.0,11.0,0.676,
West Virginia,2023,,,,83.0,91.0,0.0,0.0,0.0,1.0,0.0,1.0,0.0,0.0,72.0,,,,,,19.0,12.0,0.613,
Wisconsin,2023,,,,90.0,91.0,0.0,0.0,0.0,2.0,0.0,1.0,1.0,0.0,71.5,,,,,,11.0,20.0,0.355,
Yale,2023,,,,92.0,91.0,0.0,0.0,0.0,1.0,0.0,1.0,0.0,0.0,72.0,,,,,,13.0,14.0,0.481,
Alabama,2024,,,,22.0,94.33,0.0,1.0,2.0,3.0,4.0,1.0,0.0,2.0,74.0,,,,,,24.0,10.0,0.706,
Arizona,2024,,,,8.0,95.0,1.0,3.0,3.0,4.0,12.0,1.0,2.0,1.0,72.0,,,,,,18.0,16.0,0.529,
Arkansas,2024,,,,11.0,95.0,0.0,1.0,1.0,2.0,3.0,1.0,1.0,0.0,72.0,,,,,,18.0,15.0,0.545,
BYU,2024,,,,33.0,95.0,0.0,0.0,1.0,1.0,1.0,1.0,0.0,0.0,70.0,,,,,,16.0,17.0,0.485,
Baylor,2024,Big 12,,,36.0,95.0,0.0,0.0,1.0,1.0,1.0,0.0,0.0,1.0,79.0,19.0,4.0,13.0,21.0,21.0,26.0,8.0,0.765,
Colorado,2024,Pac 12,,,75.0,93.0,0.0,0.0,0.0,2.0,0.0,1.0,1.0,0.0,71.5,20.0,3.0,15.0,21.0,21.0,24.0,10.0,0.706,
Creighton,2024,Big East,,,,,,,,,,,,,,22.0,20.0,23.0,19.0,19.0,26.0,6.0,0.812,
DePaul,2024,,,,60.0,93.0,0.0,0.0,0.0,1.0,0.0,1.0,0.0,0.0,67.0,,,,,,12.0,20.0,0.375,
Duke,2024,ACC,,,3.0,95.0,1.0,1.0,3.0,4.0,8.0,2.0,2.0,0.0,72.2,,,17.0,1.0,1.0,22.0,12.0,0.647,
East Carolina,2024,,,,94.0,91.0,0.0,0.0,0.0,1.0,0.0,1.0,0.0,0.0,70.0,,,,,,19.0,14.0,0.576,
Fairfield,2024,MAAC,,,,,,,,,,,,,,,25.0,,3.0,3.0,31.0,2.0,0.939,
Florida,2024,,,,19.0,96.0,0.0,1.0,1.0,1.0,3.0,1.0,0.0,0.0,72.0,,,,,,16.0,16.0,0.5,
Florida State,2024,ACC,,,,,,,,,,,,,,18.0,12.0,,12.0,12.0,23.0,11.0,0.676,
Georgia,2024,,,,100.0,91.0,0.0,0.0,0.0,1.0,0.0,0.0,1.0,0.0,73.0,,,,,,12.0,18.0,0.4,
Gonzaga,2024,WCC,,,,,,,,,,,,,,,14.0,14.0,17.0,17.0,32.0,4.0,0.889,
Illinois,2024,Big Ten,,,,,,,,,,,,,,23.0,,,1.0,1.0,19.0,15.0,0.559,
Indiana,2024,Big Ten,,,52.0,93.5,0.0,0.0,0.0,2.0,0.0,2.0,0.0,0.0,72.5,9.0,10.0,12.0,21.0,21.0,26.0,6.0,0.812,
Iowa,2024,Big Ten,,,84.0,93.0,0.0,0.0,0.0,1.0,0.0,0.0,1.0,0.0,74.0,3.0,2.0,2.0,21.0,21.0,34.0,5.0,0.872,
Iowa State,2024,Big 12,,,31.0,94.0,0.0,0.0,2.0,3.0,2.0,0.0,2.0,1.0,74.3,,24.0,25.0,2.0,2.0,22.0,12.0,0.647,
Kansas,2024,,,,34.0,95.0,0.0,0.0,1.0,1.0,1.0,0.0,1.0,0.0,72.0,,,,,,20.0,13.0,0.606,
Kansas State,2024,Big 12,,,,,,,,,,,,,,,2.0,19.0,19.0,19.0,27.0,8.0,0.771,
LSU,2024,SEC,,,2.0,95.5,2.0,2.0,3.0,4.0,13.0,2.0,1.0,1.0,72.2,1.0,7.0,6.0,21.0,21.0,31.0,6.0,0.838,
Louisville,2024,ACC,,,,,,,,,,,,,,17.0,13.0,,20.0,20.0,24.0,10.0,0.706,
Marquette,2024,Big East,,,,,,,,,,,,,,,18.0,,8.0,8.0,23.0,9.0,0.719,
Maryland,2024,Big Ten,,,18.0,94.5,0.0,1.0,1.0,2.0,3.0,0.0,2.0,0.0,72.5,14.0,20.0,,2.0,2.0,19.0,14.0,0.576,
Miami (FL),2024,ACC,,,,,,,,,,,,,,,24.0,,1.0,1.0,19.0,12.0,0.613,
Michigan,2024,,,,59.0,93.0,0.0,0.0,0.0,3.0,0.0,3.0,0.0,0.0,71.7,,,,,,20.0,14.0,0.588,
Minnesota,2024,,,,98.0,91.0,0.0,0.0,0.0,1.0,0.0,1.0,0.0,0.0,70.0,,,,,,20.0,16.0,0.556,
Mississippi State,2024,SEC,,,48.0,93.33,0.0,0.0,1.0,3.0,1.0,2.0,0.0,1.0,72.3,25.0,21.0,,3.0,3.0,23.0,12.0,0.657,
Missouri,2024,,,,53.0,94.0,0.0,0.0,0.0,1.0,0.0,0.0,1.0,0.0,73.0,,,,,,11.0,19.0,0.367,
NC State,2024,ACC,,,9.0,94.0,1.0,1.0,1.0,4.0,6.0,2.0,1.0,1.0,72.5,,3.0,4.0,20.0,20.0,31.0,7.0,0.816,
Nebraska,2024,,,,91.0,92.0,0.0,0.0,0.0,1.0,0.0,1.0,0.0,0.0,70.0,,,,,,23.0,12.0,0.657,
Notre Dame,2024,ACC,,,5.0,96.33,1.0,3.0,3.0,3.0,12.0,2.0,1.0,0.0,71.0,10.0,9.0,11.0,21.0,21.0,28.0,7.0,0.8,
Ohio State,2024,Big Ten,,,70.0,93.0,0.0,0.0,0.0,1.0,0.0,1.0,0.0,0.0,66.0,7.0,2.0,16.0,21.0,21.0,26.0,6.0,0.812,
Oklahoma,2024,Big 12,,,23.0,96.0,0.0,1.0,1.0,1.0,3.0,0.0,1.0,0.0,70.0,,17.0,21.0,10.0,10.0,23.0,10.0,0.697,
Ole Miss,2024,SEC,,,88.0,92.0,0.0,0.0,0.0,2.0,0.0,1.0,1.0,0.0,70.5,12.0,19.0,,4.0,4.0,24.0,9.0,0.727,
Oregon,2024,,,,26.0,94.0,0.0,0.0,2.0,3.0,2.0,0.0,3.0,0.0,73.7,,,,,,11.0,21.0,0.344,
Oregon State,2024,Pac 12,,,82.0,93.0,0.0,0.0,0.0,1.0,0.0,1.0,0.0,0.0,71.0,,9.0,8.0,10.0,10.0,27.0,8.0,0.771,
Penn State,2024,Big Ten,,,,,,,,,,,,,,,25.0,,1.0,1.0,22.0,13.0,0.629,
Princeton,2024,Ivy,,,64.0,93.0,0.0,0.0,0.0,1.0,0.0,0.0,1.0,0.0,71.0,,25.0,,5.0,5.0,25.0,5.0,0.833,
Purdue,2024,,,,43.0,92.67,0.0,0.0,1.0,3.0,1.0,2.0,1.0,0.0,71.3,,,,,,15.0,19.0,0.441,
South Carolina,2024,SEC,,,13.0,95.25,0.0,3.0,4.0,4.0,10.0,2.0,2.0,0.0,70.8,6.0,1.0,1.0,21.0,21.0,38.0,0.0,1.0,
Stanford,2024,Pac 12,,,10.0,95.33,1.0,1.0,3.0,3.0,8.0,2.0,1.0,0.0,70.3,15.0,2.0,9.0,21.0,21.0,30.0,6.0,0.833,
Syracuse,2024,ACC,,,72.0,93.0,0.0,0.0,0.0,1.0,0.0,0.0,1.0,0.0,73.0,,17.0,20.0,11.0,11.0,24.0,8.0,0.75,
TCU,2024,Big 12,,,81.0,92.5,0.0,0.0,0.0,2.0,0.0,1.0,1.0,0.0,70.0,,23.0,,3.0,3.0,21.0,14.0,0.6,
Tennessee,2024,SEC,,,,,,,,,,,,,,11.0,15.0,,4.0,4.0,20.0,13.0,0.606,
Texas,2024,Big 12,,,12.0,95.0,0.0,1.0,2.0,2.0,4.0,1.0,1.0,0.0,72.0,13.0,3.0,7.0,21.0,21.0,33.0,5.0,0.868,
Texas A&M,2024,,,,35.0,94.0,0.0,0.0,1.0,3.0,1.0,3.0,0.0,0.0,68.7,,,,,,19.0,13.0,0.594,
Texas Tech,2024,,,,89.0,92.0,0.0,0.0,0.0,1.0,0.0,1.0,0.0,0.0,68.0,,,,,,17.0,16.0,0.515,
UCLA,2024,Pac 12,,,32.0,95.0,0.0,0.0,1.0,1.0,1.0,0.0,0.0,1.0,76.0,4.0,2.0,10.0,21.0,21.0,27.0,7.0,0.794,
UConn,2024,Big East,,,6.0,95.67,1.0,2.0,3.0,3.0,10.0,2.0,1.0,0.0,70.7,2.0,6.0,3.0,21.0,21.0,33.0,6.0,0.846,
UNC,2024,ACC,,,4.0,94.67,1.0,1.0,2.0,3.0,7.0,1.0,0.0,2.0,71.7,16.0,17.0,,12.0,12.0,20.0,13.0,0.606,
UNLV,2024,MWC,,,,,,,,,,,,,,,20.0,,7.0,7.0,30.0,3.0,0.909,
USC,2024,Pac 12,,,1.0,96.0,1.0,1.0,2.0,2.0,7.0,2.0,0.0,0.0,69.0,21.0,3.0,5.0,21.0,21.0,29.0,6.0,0.829,
Utah,2024,Pac 12,,,,,,,,,,,,,,5.0,4.0,22.0,21.0,21.0,23.0,11.0,0.676,
Vanderbilt,2024,,,,63.0,93.0,0.0,0.0,0.0,1.0,0.0,0.0,1.0,0.0,74.0,,,,,,23.0,10.0,0.697,
Virginia,2024,,,,24.0,95.0,0.0,1.0,2.0,2.0,4.0,2.0,0.0,0.0,70.5,,,,,,16.0,16.0,0.5,
Virginia Tech,2024,ACC,,,58.0,92.5,0.0,0.0,0.0,4.0,0.0,2.0,1.0,1.0,71.2,8.0,5.0,18.0,21.0,21.0,25.0,8.0,0.758,
Wake Forest,2024,,,,67.0,93.0,0.0,0.0,0.0,2.0,0.0,1.0,1.0,0.0,71.0,,,,,,7.0,25.0,0.219,
Washington,2024,Pac 12,,,28.0,93.67,0.0,0.0,2.0,3.0,2.0,3.0,0.0,0.0,69.7,,23.0,,1.0,1.0,16.0,15.0,0.516,
Washington State,2024,Pac 12,,,68.0,93.0,0.0,0.0,0.0,1.0,0.0,1.0,0.0,0.0,73.0,24.0,21.0,,4.0,4.0,21.0,15.0,0.583,
West Virginia,2024,Big 12,,,,,,,,,,,,,,,22.0,24.0,10.0,10.0,25.0,8.0,0.758,
Alabama,2025,SEC,,,36.0,95.0,0.0,0.0,1.0,1.0,1.0,1.0,0.0,0.0,71.0,24.0,18.0,20.0,19.0,19.0,24.0,9.0,0.727,
Arizona,2025,,,,81.0,92.0,0.0,0.0,0.0,1.0,0.0,1.0,0.0,0.0,67.0,,,,,,18.0,12.0,0.6,
BYU,2025,,,,77.0,92.0,0.0,0.0,0.0,1.0,0.0,1.0,0.0,0.0,70.0,,,,,,11.0,16.0,0.407,
Baylor,2025,Big 12,,,51.0,93.5,0.0,0.0,0.0,2.0,0.0,1.0,1.0,0.0,70.5,12.0,14.0,18.0,11.0,11.0,28.0,8.0,0.778,
Boston College,2025,,,,66.0,93.0,0.0,0.0,0.0,1.0,0.0,1.0,0.0,0.0,65.0,,,,,,15.0,18.0,0.455,
California,2025,ACC,,,56.0,93.0,0.0,0.0,0.0,2.0,0.0,1.0,1.0,0.0,72.0,,18.0,,8.0,8.0,24.0,9.0,0.727,
Colorado,2025,,,,48.0,93.0,0.0,0.0,1.0,2.0,1.0,0.0,2.0,0.0,73.5,,,,,,21.0,13.0,0.618,
Creighton,2025,Big East,,,,,,,,,,,,,,21.0,22.0,,7.0,7.0,25.0,7.0,0.781,
Duke,2025,ACC,,,10.0,95.33,1.0,2.0,2.0,3.0,9.0,0.0,3.0,0.0,74.7,11.0,7.0,7.0,21.0,21.0,29.0,8.0,0.784,
Florida,2025,,,,15.0,96.0,0.0,1.0,2.0,2.0,4.0,1.0,0.0,1.0,72.0,,,,,,18.0,18.0,0.5,
Florida State,2025,ACC,,,,,,,,,,,,,,19.0,22.0,22.0,9.0,9.0,23.0,9.0,0.719,
Georgia,2025,,,,67.0,92.5,0.0,0.0,0.0,4.0,0.0,3.0,1.0,0.0,69.8,,,,,,13.0,19.0,0.406,
Georgia Tech,2025,ACC,,,29.0,93.67,0.0,0.0,2.0,3.0,2.0,3.0,0.0,0.0,67.3,,13.0,,11.0,11.0,22.0,11.0,0.667,
Harvard,2025,,,,98.0,91.0,0.0,0.0,0.0,1.0,0.0,0.0,1.0,0.0,72.0,,,,,,21.0,3.0,0.875,
Illinois,2025,Big Ten,,,22.0,96.0,0.0,1.0,1.0,1.0,3.0,0.0,1.0,0.0,73.0,,19.0,,5.0,5.0,22.0,9.0,0.71,
Indiana,2025,Big Ten,,,61.0,93.0,0.0,0.0,0.0,1.0,0.0,0.0,1.0,0.0,75.0,25.0,,,1.0,1.0,20.0,13.0,0.606,
Iowa,2025,Big Ten,,,42.0,93.25,0.0,0.0,1.0,4.0,1.0,3.0,0.0,1.0,71.0,,17.0,,7.0,7.0,21.0,11.0,0.656,
Iowa State,2025,Big 12,,,,,,,,,,,,,,8.0,8.0,,6.0,6.0,22.0,12.0,0.647,
Kansas State,2025,Big 12,,,,,,,,,,,,,,13.0,9.0,13.0,21.0,21.0,28.0,8.0,0.778,
Kentucky,2025,SEC,,,40.0,95.0,0.0,0.0,1.0,1.0,1.0,0.0,1.0,0.0,74.0,22.0,8.0,16.0,21.0,21.0,23.0,8.0,0.742,
LSU,2025,SEC,,,90.0,92.0,0.0,0.0,0.0,1.0,0.0,1.0,0.0,0.0,66.0,7.0,4.0,8.0,21.0,21.0,31.0,6.0,0.838,
Louisville,2025,ACC,,,19.0,95.0,0.0,3.0,3.0,4.0,9.0,3.0,1.0,0.0,70.2,17.0,18.0,,6.0,6.0,22.0,11.0,0.667,
Loyola Chicago,2025,,,,75.0,92.0,0.0,0.0,0.0,1.0,0.0,0.0,1.0,0.0,75.0,,,,,,13.0,17.0,0.433,
Maryland,2025,Big Ten,,,35.0,94.5,0.0,0.0,2.0,2.0,2.0,1.0,1.0,0.0,71.5,18.0,7.0,12.0,21.0,21.0,25.0,8.0,0.758,
Memphis,2025,,,,86.0,92.0,0.0,0.0,0.0,1.0,0.0,1.0,0.0,0.0,68.0,,,,,,7.0,21.0,0.25,
Miami (FL),2025,,,,33.0,95.0,0.0,0.0,2.0,2.0,2.0,2.0,0.0,0.0,66.0,,,,,,13.0,15.0,0.464,
Michigan,2025,Big Ten,,,4.0,97.0,1.0,2.0,2.0,2.0,9.0,2.0,0.0,0.0,72.5,,20.0,25.0,8.0,8.0,23.0,11.0,0.676,
Michigan State,2025,Big Ten,,,62.0,92.0,0.0,0.0,0.0,2.0,0.0,1.0,1.0,0.0,68.5,,15.0,,14.0,14.0,21.0,10.0,0.677,
Minnesota,2025,Big Ten,,,63.0,93.0,0.0,0.0,0.0,1.0,0.0,1.0,0.0,0.0,69.0,,23.0,,2.0,2.0,22.0,11.0,0.667,
Mississippi State,2025,,,,43.0,94.0,0.0,0.0,1.0,1.0,1.0,0.0,1.0,0.0,75.0,,,,,,22.0,12.0,0.647,
NC State,2025,ACC,,,21.0,95.0,0.0,1.0,2.0,2.0,4.0,1.0,1.0,0.0,69.0,9.0,7.0,9.0,20.0,20.0,28.0,7.0,0.8,
Nebraska,2025,Big Ten,,,25.0,96.0,0.0,1.0,1.0,1.0,3.0,1.0,0.0,0.0,71.0,23.0,21.0,,7.0,7.0,21.0,12.0,0.636,
Northwestern,2025,,,,55.0,94.0,0.0,0.0,0.0,1.0,0.0,1.0,0.0,0.0,65.0,,,,,,9.0,17.0,0.346,
Notre Dame,2025,ACC,,,5.0,98.0,1.0,1.0,1.0,1.0,6.0,0.0,0.0,1.0,76.0,6.0,1.0,10.0,21.0,21.0,28.0,6.0,0.824,
Ohio State,2025,Big Ten,,,2.0,94.33,1.0,1.0,1.0,3.0,6.0,2.0,1.0,0.0,70.0,14.0,8.0,19.0,21.0,21.0,26.0,7.0,0.788,
Oklahoma,2025,SEC,,,46.0,93.5,0.0,0.0,1.0,2.0,1.0,1.0,1.0,0.0,70.0,10.0,8.0,11.0,21.0,21.0,27.0,8.0,0.771,
Oklahoma State,2025,Big 12,,,91.0,92.0,0.0,0.0,0.0,1.0,0.0,1.0,0.0,0.0,65.0,,17.0,24.0,10.0,10.0,24.0,7.0,0.774,
Ole Miss,2025,SEC,,,,,,,,,,,,,,20.0,17.0,17.0,12.0,12.0,22.0,11.0,0.667,
Oregon,2025,Big Ten,,,34.0,95.0,0.0,0.0,1.0,1.0,1.0,1.0,0.0,0.0,71.0,,21.0,,3.0,3.0,18.0,12.0,0.6,
Purdue,2025,,,,57.0,94.0,0.0,0.0,0.0,1.0,0.0,1.0,0.0,0.0,67.0,,,,,,9.0,19.0,0.321,
Rutgers,2025,,,,27.0,96.0,0.0,0.0,1.0,1.0,1.0,1.0,0.0,0.0,69.0,,,,,,12.0,20.0,0.375,
South Carolina,2025,SEC,,,3.0,97.0,1.0,2.0,3.0,3.0,10.0,1.0,1.0,1.0,73.7,1.0,1.0,2.0,21.0,21.0,35.0,4.0,0.897,
South Dakota State,2025,Summit,,,83.0,92.0,0.0,0.0,0.0,1.0,0.0,0.0,1.0,0.0,74.0,,24.0,23.0,4.0,4.0,30.0,4.0,0.882,
St. John's (NY),2025,,,,100.0,91.0,0.0,0.0,0.0,1.0,0.0,1.0,0.0,0.0,64.0,,,,,,16.0,15.0,0.516,
Stanford,2025,ACC,,,44.0,93.33,0.0,0.0,1.0,3.0,1.0,1.0,2.0,0.0,72.0,,24.0,,1.0,1.0,16.0,14.0,0.533,
Syracuse,2025,,,,85.0,92.0,0.0,0.0,0.0,1.0,0.0,0.0,1.0,0.0,74.0,,,,,,12.0,18.0,0.4,
TCU,2025,Big 12,,,,,,,,,,,,,,,6.0,6.0,19.0,19.0,34.0,4.0,0.895,
Tennessee,2025,SEC,,,37.0,95.0,0.0,0.0,1.0,1.0,1.0,1.0,0.0,0.0,69.0,,11.0,15.0,16.0,16.0,24.0,10.0,0.706,
Texas,2025,SEC,,,9.0,96.33,1.0,2.0,3.0,3.0,10.0,2.0,1.0,0.0,71.7,4.0,1.0,4.0,21.0,21.0,35.0,4.0,0.897,
Texas A&M,2025,,,,60.0,94.0,0.0,0.0,0.0,1.0,0.0,1.0,0.0,0.0,73.0,,,,,,10.0,19.0,0.345,
Texas Tech,2025,,,,64.0,93.0,0.0,0.0,0.0,1.0,0.0,1.0,0.0,0.0,73.0,,,,,,19.0,16.0,0.543,
UCLA,2025,Big Ten,,,18.0,95.67,0.0,1.0,3.0,3.0,5.0,1.0,2.0,0.0,74.0,5.0,1.0,3.0,21.0,21.0,35.0,3.0,0.921,
UConn,2025,Big East,,,1.0,97.67,2.0,3.0,3.0,3.0,15.0,2.0,1.0,0.0,72.7,2.0,2.0,1.0,21.0,21.0,37.0,3.0,0.925,
UNC,2025,ACC,,,32.0,94.0,0.0,0.0,1.0,3.0,1.0,2.0,0.0,1.0,72.3,15.0,8.0,14.0,21.0,21.0,29.0,8.0,0.784,
UNLV,2025,,,,89.0,92.0,0.0,0.0,0.0,1.0,0.0,1.0,0.0,0.0,67.0,,,,,,26.0,7.0,0.788,
USC,2025,Big Ten,,,6.0,95.17,1.0,3.0,4.0,6.0,13.0,3.0,3.0,0.0,72.0,3.0,2.0,5.0,21.0,21.0,32.0,4.0,0.889,
Utah,2025,Big 12,,,70.0,93.0,0.0,0.0,0.0,1.0,0.0,1.0,0.0,0.0,68.0,,22.0,,2.0,2.0,20.0,9.0,0.69,
Vanderbilt,2025,SEC,,,8.0,98.0,1.0,1.0,1.0,1.0,6.0,1.0,0.0,0.0,72.0,,23.0,,2.0,2.0,22.0,11.0,0.667,
Villanova,2025,,,,97.0,91.0,0.0,0.0,0.0,1.0,0.0,1.0,0.0,0.0,67.0,,,,,,20.0,15.0,0.571,
Virginia,2025,,,,99.0,91.0,0.0,0.0,0.0,1.0,0.0,0.0,1.0,0.0,73.0,,,,,,17.0,15.0,0.531,
Virginia Tech,2025,,,,68.0,93.0,0.0,0.0,0.0,1.0,0.0,0.0,1.0,0.0,72.0,,,,,,19.0,13.0,0.594,
Washington,2025,,,,39.0,95.0,0.0,0.0,1.0,1.0,1.0,1.0,0.0,0.0,70.0,,,,,,18.0,14.0,0.562,
West Virginia,2025,Big 12,,,78.0,92.0,0.0,0.0,0.0,2.0,0.0,0.0,1.0,1.0,73.5,16.0,12.0,21.0,21.0,21.0,25.0,8.0,0.758,
Alabama,2026,SEC,,,51.0,92.67,0.0,0.0,0.0,3.0,0.0,2.0,1.0,0.0,71.0,26.0,21.0,,7.0,7.0,23.0,10.0,0.697,
Auburn,2026,,,,95.0,91.0,0.0,0.0,0.0,1.0,0.0,1.0,0.0,0.0,70.0,,,,,,15.0,17.0,0.469,
BYU,2026,,,,86.0,91.0,0.0,0.0,0.0,1.0,0.0,1.0,0.0,0.0,68.0,,,,,,22.0,11.0,0.667,
Baylor,2026,Big 12,,,41.0,94.0,0.0,0.0,1.0,1.0,1.0,1.0,0.0,0.0,72.0,16.0,7.0,,17.0,17.0,24.0,8.0,0.75,
Boston College,2026,,,,76.0,92.0,0.0,0.0,0.0,1.0,0.0,1.0,0.0,0.0,70.0,,,,,,5.0,26.0,0.161,
California,2026,,,,22.0,94.0,0.0,1.0,1.0,2.0,3.0,2.0,0.0,0.0,68.5,,,,,,19.0,14.0,0.576,
Cincinnati,2026,,,,11.0,95.0,0.0,1.0,1.0,2.0,3.0,2.0,0.0,0.0,70.0,,,,,,11.0,20.0,0.355,
Clemson,2026,,,,64.0,92.0,0.0,0.0,0.0,2.0,0.0,1.0,1.0,0.0,70.5,,,,,,21.0,11.0,0.656,
Colorado,2026,,,,81.0,92.0,0.0,0.0,0.0,1.0,0.0,0.0,1.0,0.0,75.0,,,,,,22.0,11.0,0.667,
Creighton,2026,,,,70.0,91.67,0.0,0.0,0.0,3.0,0.0,1.0,2.0,0.0,71.3,,,,,,16.0,15.0,0.516,
Duke,2026,ACC,,,4.0,97.0,1.0,1.0,1.0,1.0,6.0,1.0,0.0,0.0,72.0,7.0,9.0,,9.0,7.0,24.0,8.0,0.75,
Fairfield,2026,MAAC,,,,,,,,,,,,,,26.0,25.0,,1.0,1.0,28.0,4.0,0.875,
Florida,2026,,,,59.0,93.0,0.0,0.0,0.0,1.0,0.0,0.0,1.0,0.0,73.0,,,,,,18.0,15.0,0.545,
Georgia,2026,SEC,,,46.0,93.0,0.0,0.0,2.0,3.0,2.0,2.0,1.0,0.0,72.7,26.0,22.0,,4.0,3.0,22.0,9.0,0.71,
Harvard,2026,,,,61.0,93.0,0.0,0.0,0.0,1.0,0.0,0.0,1.0,0.0,73.0,,,,,,17.0,10.0,0.63,
Illinois,2026,Big Ten,,,29.0,93.75,0.0,0.0,3.0,4.0,3.0,1.0,3.0,0.0,72.2,26.0,25.0,,1.0,1.0,21.0,11.0,0.656,
Indiana,2026,,,,35.0,94.5,0.0,0.0,2.0,2.0,2.0,1.0,1.0,0.0,72.5,,,,,,18.0,14.0,0.562,
Iowa,2026,Big Ten,,,23.0,94.0,0.0,1.0,1.0,2.0,3.0,1.0,0.0,1.0,74.0,21.0,8.0,,17.0,17.0,26.0,6.0,0.812,
Iowa State,2026,Big 12,,,,,,,,,,,,,,14.0,10.0,,10.0,10.0,22.0,9.0,0.71,
Kansas,2026,,,,19.0,95.33,0.0,1.0,3.0,3.0,5.0,2.0,1.0,0.0,72.3,,,,,,19.0,13.0,0.594,
Kansas State,2026,,,,16.0,94.33,0.0,1.0,2.0,3.0,4.0,3.0,0.0,0.0,72.0,,,,,,18.0,17.0,0.514,
Kentucky,2026,SEC,,,18.0,96.0,0.0,1.0,1.0,1.0,3.0,0.0,1.0,0.0,74.0,24.0,6.0,,17.0,17.0,23.0,10.0,0.697,
LSU,2026,SEC,,,7.0,96.25,2.0,3.0,4.0,4.0,16.0,3.0,1.0,0.0,71.2,5.0,5.0,,17.0,17.0,27.0,5.0,0.844,
Louisville,2026,ACC,,,78.0,92.0,0.0,0.0,0.0,1.0,0.0,0.0,1.0,0.0,76.0,20.0,6.0,,17.0,17.0,27.0,7.0,0.794,
Maryland,2026,Big Ten,,,34.0,95.0,0.0,0.0,1.0,1.0,1.0,1.0,0.0,0.0,69.0,10.0,7.0,,17.0,17.0,23.0,8.0,0.742,
Miami (FL),2026,,,,36.0,93.0,0.0,0.0,1.0,4.0,1.0,3.0,1.0,0.0,72.0,,,,,,17.0,14.0,0.548,
Michigan,2026,Big Ten,,,39.0,92.67,0.0,0.0,1.0,3.0,1.0,1.0,2.0,0.0,72.3,13.0,6.0,,17.0,17.0,25.0,6.0,0.806,
Michigan State,2026,Big Ten,,,33.0,93.0,0.0,0.0,1.0,2.0,1.0,2.0,0.0,0.0,69.5,23.0,12.0,,17.0,17.0,22.0,8.0,0.733,
Minnesota,2026,Big Ten,,,52.0,94.0,0.0,0.0,0.0,1.0,0.0,1.0,0.0,0.0,71.0,26.0,19.0,,3.0,3.0,22.0,8.0,0.733,
Mississippi State,2026,,,,37.0,93.33,0.0,0.0,2.0,3.0,2.0,1.0,2.0,0.0,73.7,,,,,,18.0,13.0,0.581,
NC State,2026,ACC,,,65.0,92.5,0.0,0.0,0.0,2.0,0.0,2.0,0.0,0.0,69.5,9.0,10.0,,4.0,4.0,20.0,10.0,0.667,
Nebraska,2026,Big Ten,,,,,,,,,,,,,,26.0,20.0,,6.0,6.0,18.0,12.0,0.6,
Notre Dame,2026,ACC,,,26.0,96.0,0.0,0.0,1.0,1.0,1.0,0.0,1.0,0.0,74.0,15.0,18.0,,9.0,8.0,22.0,10.0,0.688,
Ohio State,2026,Big Ten,,,83.0,92.0,0.0,0.0,0.0,1.0,0.0,1.0,0.0,0.0,73.0,26.0,8.0,,13.0,13.0,26.0,7.0,0.788,
Oklahoma,2026,SEC,,,3.0,95.0,1.0,1.0,2.0,3.0,7.0,2.0,1.0,0.0,72.0,6.0,5.0,,17.0,17.0,24.0,7.0,0.774,
Oklahoma State,2026,Big 12,,,56.0,93.0,0.0,0.0,0.0,1.0,0.0,1.0,0.0,0.0,72.0,22.0,18.0,,6.0,6.0,23.0,9.0,0.719,
Ole Miss,2026,SEC,,,90.0,91.0,0.0,0.0,0.0,1.0,0.0,1.0,0.0,0.0,69.0,12.0,13.0,,17.0,17.0,23.0,11.0,0.676,
Oregon,2026,,,,53.0,94.0,0.0,0.0,0.0,1.0,0.0,1.0,0.0,0.0,70.0,,,,,,22.0,12.0,0.647,
Pittsburgh,2026,,,,30.0,93.5,0.0,0.0,1.0,2.0,1.0,2.0,0.0,0.0,69.0,,,,,,8.0,23.0,0.258,
Princeton,2026,Ivy,,,,,,,,,,,,,,26.0,19.0,,10.0,8.0,24.0,3.0,0.889,
Purdue,2026,,,,63.0,93.0,0.0,0.0,0.0,1.0,0.0,0.0,0.0,1.0,77.0,,,,,,13.0,17.0,0.433,
Richmond,2026,A10,,,,,,,,,,,,,,24.0,,,1.0,1.0,26.0,7.0,0.788,
South Carolina,2026,SEC,,,6.0,96.5,1.0,2.0,2.0,2.0,9.0,0.0,2.0,0.0,73.5,2.0,2.0,,17.0,17.0,31.0,3.0,0.912,
Stanford,2026,,,,8.0,95.25,1.0,3.0,3.0,4.0,12.0,1.0,3.0,0.0,74.2,,,,,,19.0,13.0,0.594,
Syracuse,2026,,,,60.0,93.0,0.0,0.0,0.0,1.0,0.0,0.0,1.0,0.0,73.0,,,,,,23.0,8.0,0.742,
TCU,2026,Big 12,,,,,,,,,,,,,,17.0,8.0,,17.0,17.0,29.0,5.0,0.853,
Tennessee,2026,SEC,,,9.0,95.2,1.0,3.0,4.0,5.0,13.0,3.0,2.0,0.0,69.8,8.0,12.0,,15.0,15.0,16.0,13.0,0.552,
Texas,2026,SEC,,,5.0,97.0,1.0,1.0,1.0,1.0,6.0,1.0,0.0,0.0,73.0,4.0,2.0,,17.0,17.0,31.0,3.0,0.912,
Texas Tech,2026,Big 12,,,,,,,,,,,,,,26.0,16.0,,10.0,10.0,25.0,7.0,0.781,
UCLA,2026,Big Ten,,,2.0,98.0,1.0,1.0,1.0,1.0,6.0,0.0,1.0,0.0,76.0,3.0,2.0,,17.0,17.0,31.0,1.0,0.969,
UConn,2026,Big East,,,25.0,94.0,0.0,1.0,1.0,2.0,3.0,1.0,0.0,1.0,73.0,1.0,1.0,,17.0,17.0,34.0,0.0,1.0,
UNC,2026,ACC,,,13.0,95.0,0.0,1.0,2.0,3.0,4.0,1.0,2.0,0.0,72.7,11.0,11.0,,14.0,9.0,26.0,7.0,0.788,
USC,2026,Big Ten,,,1.0,98.0,1.0,1.0,1.0,1.0,6.0,1.0,0.0,0.0,73.0,18.0,8.0,,9.0,9.0,17.0,13.0,0.567,
Utah,2026,,,,28.0,95.0,0.0,0.0,2.0,2.0,2.0,2.0,0.0,0.0,69.0,,,,,,19.0,12.0,0.613,
Vanderbilt,2026,SEC,,,,,,,,,,,,,,19.0,5.0,,17.0,17.0,27.0,4.0,0.871,
Villanova,2026,,,,79.0,92.0,0.0,0.0,0.0,1.0,0.0,1.0,0.0,0.0,72.0,,,,,,25.0,7.0,0.781,
Virginia,2026,,,,94.0,91.0,0.0,0.0,0.0,1.0,0.0,1.0,0.0,0.0,70.0,,,,,,19.0,11.0,0.633,
Virginia Tech,2026,,,,74.0,92.0,0.0,0.0,0.0,2.0,0.0,1.0,1.0,0.0,71.5,,,,,,23.0,9.0,0.719,
Washington,2026,Big Ten,,,14.0,94.5,0.0,1.0,1.0,2.0,3.0,0.0,2.0,0.0,73.5,26.0,20.0,,11.0,6.0,21.0,10.0,0.677,
West Virginia,2026,Big 12,,,88.0,91.0,0.0,0.0,0.0,1.0,0.0,1.0,0.0,0.0,71.0,26.0,15.0,,10.0,7.0,27.0,6.0,0.818,
,2026,,,,69.0,92.0,0.0,0.0,0.0,1.0,0.0,1.0,0.0,0.0,72.0,,,,,,,,,
Arizona,2027,,,,60.0,93.0,0.0,0.0,0.0,2.0,0.0,2.0,0.0,0.0,,,,,,,,,,
Arizona State,2027,,,,54.0,94.0,0.0,0.0,0.0,1.0,0.0,1.0,0.0,0.0,,,,,,,,,,
Arkansas,2027,,,,49.0,94.0,0.0,0.0,1.0,1.0,1.0,1.0,0.0,0.0,,,,,,,,,,
Auburn,2027,,,,72.0,92.0,0.0,0.0,0.0,2.0,0.0,1.0,1.0,0.0,,,,,,,,,,
Clemson,2027,,,,11.0,94.75,0.0,1.0,4.0,4.0,6.0,2.0,2.0,0.0,,,,,,,,,,
Columbia,2027,,,,84.0,91.0,0.0,0.0,0.0,1.0,0.0,0.0,1.0,0.0,,,,,,,,,,
Duke,2027,,,,12.0,95.25,0.0,3.0,4.0,4.0,10.0,3.0,0.0,1.0,,,,,,,,,,
East Carolina,2027,,,,96.0,91.0,0.0,0.0,0.0,1.0,0.0,0.0,1.0,0.0,,,,,,,,,,
FSU,2027,,,,21.0,94.33,0.0,1.0,2.0,3.0,4.0,1.0,2.0,0.0,,,,,,,,,,
Florida,2027,,,,48.0,94.0,0.0,0.0,1.0,2.0,1.0,2.0,0.0,0.0,,,,,,,,,,
Florida Atlantic,2027,,,,89.0,91.0,0.0,0.0,0.0,1.0,0.0,1.0,0.0,0.0,,,,,,,,,,
Grand Canyon,2027,,,,76.0,92.0,0.0,0.0,0.0,1.0,0.0,1.0,0.0,0.0,,,,,,,,,,
Illinois State,2027,,,,66.0,93.0,0.0,0.0,0.0,1.0,0.0,1.0,0.0,0.0,,,,,,,,,,
Indiana,2027,,,,28.0,94.33,0.0,0.0,2.0,3.0,2.0,2.0,1.0,0.0,,,,,,,,,,
Iowa,2027,,,,6.0,97.0,1.0,1.0,1.0,1.0,6.0,0.0,1.0,0.0,,,,,,,,,,
Kansas,2027,,,,33.0,93.5,0.0,0.0,1.0,2.0,1.0,0.0,1.0,1.0,,,,,,,,,,
Kentucky,2027,,,,13.0,95.33,0.0,3.0,3.0,3.0,9.0,2.0,1.0,0.0,,,,,,,,,,
LSU,2027,,,,29.0,95.0,0.0,0.0,1.0,1.0,1.0,0.0,1.0,0.0,,,,,,,,,,
Louisville,2027,,,,34.0,94.0,0.0,0.0,1.0,2.0,1.0,2.0,0.0,0.0,,,,,,,,,,
Maryland,2027,,,,7.0,95.5,1.0,1.0,2.0,2.0,7.0,1.0,1.0,0.0,,,,,,,,,,
Michigan,2027,,,,45.0,93.5,0.0,0.0,1.0,2.0,1.0,1.0,0.0,1.0,,,,,,,,,,
Michigan State,2027,,,,15.0,96.0,0.0,1.0,1.0,1.0,3.0,0.0,0.0,1.0,,,,,,,,,,
Middle Tennessee,2027,,,,73.0,92.0,0.0,0.0,0.0,1.0,0.0,1.0,0.0,0.0,,,,,,,,,,
Minnesota,2027,,,,40.0,93.5,0.0,0.0,1.0,2.0,1.0,2.0,0.0,0.0,,,,,,,,,,
Mississippi State,2027,,,,75.0,92.0,0.0,0.0,0.0,1.0,0.0,1.0,0.0,0.0,,,,,,,,,,
Missouri,2027,,,,79.0,91.5,0.0,0.0,0.0,2.0,0.0,1.0,1.0,0.0,,,,,,,,,,
NC State,2027,,,,38.0,92.5,0.0,0.0,1.0,2.0,1.0,0.0,2.0,0.0,,,,,,,,,,
Nebraska,2027,,,,22.0,92.67,0.0,1.0,1.0,3.0,3.0,3.0,0.0,0.0,,,,,,,,,,
Northwestern,2027,,,,97.0,91.0,0.0,0.0,0.0,1.0,0.0,1.0,0.0,0.0,,,,,,,,,,
Notre Dame,2027,,,,9.0,94.4,1.0,2.0,4.0,5.0,11.0,1.0,4.0,0.0,,,,,,,,,,
Ohio State,2027,,,,74.0,92.0,0.0,0.0,0.0,1.0,0.0,1.0,0.0,0.0,,,,,,,,,,
Oklahoma,2027,,,,36.0,93.0,0.0,0.0,1.0,2.0,1.0,1.0,1.0,0.0,,,,,,,,,,
Oregon,2027,,,,26.0,94.5,0.0,0.0,2.0,2.0,2.0,1.0,0.0,1.0,,,,,,,,,,
Oregon State,2027,,,,83.0,91.0,0.0,0.0,0.0,1.0,0.0,1.0,0.0,0.0,,,,,,,,,,
Penn State,2027,,,,51.0,94.0,0.0,0.0,0.0,1.0,0.0,1.0,0.0,0.0,,,,,,,,,,
Richmond,2027,,,,80.0,92.0,0.0,0.0,0.0,1.0,0.0,1.0,0.0,0.0,,,,,,,,,,
SMU,2027,,,,78.0,91.5,0.0,0.0,0.0,2.0,0.0,1.0,1.0,0.0,,,,,,,,,,
Seton Hall,2027,,,,87.0,91.0,0.0,0.0,0.0,1.0,0.0,0.0,0.0,1.0,,,,,,,,,,
South Carolina,2027,,,,5.0,96.0,1.0,3.0,3.0,3.0,12.0,1.0,2.0,0.0,,,,,,,,,,
St. John's (NY),2027,,,,99.0,91.0,0.0,0.0,0.0,1.0,0.0,1.0,0.0,0.0,,,,,,,,,,
Stanford,2027,,,,86.0,91.0,0.0,0.0,0.0,2.0,0.0,2.0,0.0,0.0,,,,,,,,,,
Tennessee,2027,,,,2.0,95.5,1.0,1.0,1.0,2.0,6.0,0.0,2.0,0.0,,,,,,,,,,
Texas,2027,,,,8.0,95.5,2.0,3.0,3.0,4.0,15.0,2.0,2.0,0.0,,,,,,,,,,
Texas A&M,2027,,,,44.0,93.5,0.0,0.0,1.0,2.0,1.0,1.0,1.0,0.0,,,,,,,,,,
Texas Tech,2027,,,,67.0,92.0,0.0,0.0,0.0,2.0,0.0,2.0,0.0,0.0,,,,,,,,,,
UC Santa Barbara,2027,,,,55.0,93.0,0.0,0.0,0.0,1.0,0.0,1.0,0.0,0.0,,,,,,,,,,
UConn,2027,,,,3.0,98.0,1.0,1.0,1.0,1.0,6.0,0.0,0.0,1.0,,,,,,,,,,
UNC,2027,,,,4.0,96.0,1.0,1.0,1.0,2.0,6.0,1.0,1.0,0.0,,,,,,,,,,
UNLV,2027,,,,85.0,91.0,0.0,0.0,0.0,2.0,0.0,2.0,0.0,0.0,,,,,,,,,,
USC,2027,,,,1.0,98.0,1.0,1.0,1.0,1.0,6.0,1.0,0.0,0.0,,,,,,,,,,
Utah,2027,,,,65.0,92.0,0.0,0.0,0.0,2.0,0.0,1.0,1.0,0.0,,,,,,,,,,
Vanderbilt,2027,,,,14.0,95.5,0.0,1.0,2.0,2.0,4.0,1.0,1.0,0.0,,,,,,,,,,
Virginia Tech,2027,,,,70.0,92.0,0.0,0.0,0.0,1.0,0.0,1.0,0.0,0.0,,,,,,,,,,
Washington,2027,,,,46.0,94.0,0.0,0.0,1.0,1.0,1.0,1.0,0.0,0.0,,,,,,,,,,
Wisconsin,2027,,,,47.0,94.0,0.0,0.0,1.0,1.0,1.0,0.0,1.0,0.0,,,,,,,,,,
,2027,,,,90.0,91.0,0.0,0.0,0.0,2.0,0.0,0.0,1.0,0.0,,,,,,,,,,
