Rk,School,Conf,Unnamed: 3_level_1,AP Rank,W,L,Pts,Opp,MOV,Unnamed: 10_level_1,SOS,Unnamed: 12_level_1,OSRS,DSRS,SRS,ORtg,DRtg,NRtg,run_date
1,UConn,Big East,,3,38,1,86.8,50.4,36.44,,14.43,,28.08,22.78,50.86,127.35,59.15,68.20,2026-07-04
2,UCLA,Big Ten,,1,37,1,83.9,56.4,27.45,,21.97,,26.97,22.45,49.42,132.01,63.87,68.14,2026-07-04
3,South Carolina,SEC,,2,36,4,85.6,57.8,27.78,,20.85,,28.60,20.02,48.62,127.51,63.83,63.68,2026-07-04
4,Texas,SEC,,4,35,4,83.9,55.8,28.15,,19.58,,26.00,21.74,47.74,125.56,62.37,63.19,2026-07-04
5,LSU,SEC,,8,29,6,95.0,61.1,33.89,,13.55,,34.78,12.65,47.43,127.02,68.35,58.67,2026-07-04
6,Michigan,Big Ten,,7,28,7,82.3,62.6,19.66,,19.11,,23.64,15.13,38.77,117.60,67.30,50.31,2026-07-04
7,Duke,ACC,,5,27,9,74.1,59.7,14.36,,20.05,,16.88,17.54,34.41,112.90,67.32,45.57,2026-07-04
8,Vanderbilt,SEC,,10,29,5,84.3,65.2,19.12,,15.13,,24.80,9.45,34.25,122.33,77.28,45.05,2026-07-04
9,Oklahoma,SEC,,12,26,8,85.9,68.6,17.26,,16.84,,26.50,7.60,34.10,113.92,71.49,42.43,2026-07-04
10,Louisville,ACC,,11,29,8,78.7,61.0,17.68,,14.78,,19.60,12.85,32.46,118.53,75.28,43.25,2026-07-04
11,Maryland,Big Ten,,20,24,9,82.3,63.7,18.61,,13.09,,21.96,9.74,31.70,116.60,74.20,42.40,2026-07-04
12,Texas Christian,Big 12,,6,32,6,76.8,56.9,19.89,,11.73,,15.41,16.21,31.62,114.02,71.85,42.17,2026-07-04
13,West Virginia,Big 12,,18,28,7,76.3,58.4,17.91,,13.52,,16.88,14.56,31.44,114.27,72.59,41.68,2026-07-04
14,Ohio State,Big Ten,,17,27,8,81.3,66.3,14.94,,16.29,,22.25,8.98,31.23,114.85,74.68,40.18,2026-07-04
15,Kentucky,SEC,,14,25,11,74.9,60.9,13.94,,17.25,,15.78,15.41,31.19,115.78,73.46,42.32,2026-07-04
16,Minnesota,Big Ten,,15,24,9,74.1,58.8,15.30,,15.84,,14.54,16.60,31.14,115.71,72.55,43.16,2026-07-04
17,Iowa,Big Ten,,16,27,7,76.2,65.2,11.00,,19.88,,18.05,12.83,30.88,113.77,72.50,41.27,2026-07-04
18,Michigan State,Big Ten,,22,23,9,82.1,66.1,15.97,,14.91,,21.64,9.24,30.87,118.40,77.41,41.00,2026-07-04
19,UNC,ACC,,13,28,8,74.6,59.1,15.58,,13.87,,14.72,14.73,29.46,111.06,71.93,39.13,2026-07-04
20,Notre Dame,ACC,,9,25,11,77.1,65.1,11.94,,16.36,,17.77,10.53,28.30,112.57,75.83,36.74,2026-07-04
21,Ole Miss,SEC,,21,24,12,75.3,62.2,13.06,,15.14,,15.69,12.51,28.20,112.54,75.73,36.81,2026-07-04
22,Tennessee,SEC,,,16,14,76.4,69.6,6.80,,20.36,,19.30,7.86,27.16,111.84,76.51,35.33,2026-07-04
23,USC,Big Ten,,,18,14,69.7,64.2,5.50,,21.27,,12.60,14.17,26.77,107.69,71.47,36.22,2026-07-04
24,Nebraska,Big Ten,,,19,13,78.7,67.3,11.34,,15.32,,18.34,8.32,26.66,116.44,80.32,36.12,2026-07-04
25,NC State,ACC,,,21,11,76.7,67.1,9.63,,16.46,,17.75,8.33,26.08,112.62,78.26,34.36,2026-07-04
26,Washington,Big Ten,,25,22,11,71.3,62.0,9.36,,16.43,,12.42,13.38,25.80,112.06,76.40,35.66,2026-07-04
27,Alabama,SEC,,24,24,11,70.0,61.6,8.43,,17.02,,11.62,13.82,25.44,110.45,75.64,34.81,2026-07-04
28,Oregon,Big Ten,,,23,13,74.1,65.4,8.75,,16.66,,15.17,10.25,25.41,109.56,75.63,33.93,2026-07-04
29,Oklahoma State,Big 12,,,24,10,81.1,64.2,16.85,,10.12,,18.35,7.01,25.36,116.70,83.42,33.28,2026-07-04
30,Illinois,Big Ten,,,22,12,76.5,66.1,10.44,,14.19,,15.43,9.21,24.63,112.80,79.88,32.92,2026-07-04
31,Iowa State,Big 12,,,22,10,81.7,67.3,14.41,,9.35,,20.38,3.37,23.76,116.77,84.91,31.86,2026-07-04
32,Baylor,Big 12,,23,25,9,70.6,60.3,10.26,,13.36,,11.45,12.18,23.63,104.89,72.97,31.92,2026-07-04
33,Georgia,SEC,,,22,10,73.6,62.1,11.44,,11.90,,12.55,10.79,23.34,109.67,78.61,31.06,2026-07-04
34,Texas Tech,Big 12,,,26,8,70.8,59.1,11.65,,11.59,,9.80,13.43,23.24,105.97,75.16,30.81,2026-07-04
35,Virginia,ACC,,19,22,12,75.0,65.0,9.94,,11.38,,14.57,6.76,21.32,110.80,82.06,28.74,2026-07-04
36,Villanova,Big East,,,25,8,71.2,61.2,10.00,,10.97,,11.63,9.34,20.97,107.01,78.09,28.92,2026-07-04
37,Virginia Tech,ACC,,,23,10,72.5,61.5,10.94,,9.22,,10.95,9.21,20.16,103.37,77.24,26.12,2026-07-04
38,Mississippi State,SEC,,,18,13,74.8,67.1,7.71,,12.25,,13.73,6.23,19.96,108.06,81.94,26.12,2026-07-04
39,Syracuse,ACC,,,24,9,73.5,64.5,9.06,,10.88,,12.84,7.10,19.94,104.69,78.82,25.87,2026-07-04
40,Colorado,Big 12,,,22,12,67.5,60.9,6.65,,13.10,,7.46,12.28,19.75,102.62,76.26,26.36,2026-07-04
41,Florida,SEC,,,18,15,73.2,66.8,6.45,,13.06,,11.86,7.65,19.52,105.74,80.65,25.09,2026-07-04
42,Clemson,ACC,,,21,12,67.7,59.1,8.61,,10.06,,6.11,12.55,18.66,107.27,81.64,25.62,2026-07-04
43,Stanford,ACC,,,21,14,70.5,63.2,7.29,,11.11,,9.54,8.86,18.40,105.14,79.64,25.50,2026-07-04
44,California,ACC,,,21,15,69.8,63.8,5.94,,11.74,,8.94,8.74,17.68,104.94,81.39,23.55,2026-07-04
45,James Madison,Sun Belt,,,26,9,74.2,61.3,12.89,,4.63,,9.75,7.77,17.52,103.51,79.81,23.71,2026-07-04
46,Kansas,Big 12,,,22,14,71.9,65.3,6.69,,12.35,,10.44,6.86,17.30,106.76,83.48,23.29,2026-07-04
47,Columbia,Ivy,,,25,8,71.8,58.7,13.06,,3.75,,9.68,7.13,16.81,103.97,81.29,22.68,2026-07-04
48,Richmond,A-10,,,26,8,72.1,59.5,12.65,,4.15,,9.62,7.18,16.80,109.44,85.84,23.60,2026-07-04
49,Kansas State,Big 12,,,19,18,69.9,67.5,2.38,,14.35,,10.38,6.34,16.72,105.21,83.20,22.01,2026-07-04
50,Arizona State,Big 12,,,24,11,66.2,60.5,5.71,,10.98,,4.38,12.31,16.70,97.93,75.68,22.25,2026-07-04
51,Miami (FL),ACC,,,18,15,70.5,65.6,4.94,,11.75,,9.68,7.01,16.69,103.76,82.09,21.67,2026-07-04
52,South Dakota State,Summit,,,27,7,75.9,61.6,14.35,,2.27,,10.34,6.29,16.63,108.08,84.78,23.30,2026-07-04
53,BYU,Big 12,,,26,12,70.6,64.4,6.16,,10.46,,9.63,6.99,16.61,101.72,80.07,21.66,2026-07-04
54,Indiana,Big Ten,,,18,14,71.4,70.2,1.22,,15.22,,11.29,5.15,16.44,108.65,87.34,21.31,2026-07-04
55,Princeton,Ivy,,,26,4,72.4,60.7,11.63,,4.65,,10.12,6.17,16.28,109.86,87.02,22.84,2026-07-04
56,Texas A&M,SEC,,,14,13,64.7,67.6,-2.85,,17.53,,6.38,8.30,14.68,99.41,80.16,19.24,2026-07-04
57,Utah,Big 12,,,19,13,68.0,65.5,2.50,,12.83,,7.45,7.12,14.57,102.15,82.97,19.19,2026-07-04
58,Rhode Island,A-10,,,28,5,67.3,54.2,13.09,,1.78,,3.31,10.22,13.53,102.63,83.24,19.39,2026-07-04
59,North Dakota State,Summit,,,29,5,78.4,59.8,18.62,,-4.04,,10.39,2.79,13.18,108.00,89.19,18.81,2026-07-04
60,Gonzaga,WCC,,,24,10,74.1,65.0,9.15,,3.97,,10.19,2.93,13.11,105.14,87.11,18.02,2026-07-04
61,Seton Hall,Big East,,,19,13,67.5,64.2,3.34,,9.15,,6.88,5.62,12.50,100.94,84.54,16.40,2026-07-04
62,Georgia Tech,ACC,,,14,19,65.8,65.9,-0.12,,12.39,,5.08,7.19,12.27,94.83,78.85,15.99,2026-07-04
63,Harvard,Ivy,,,20,12,65.3,56.7,8.66,,3.55,,2.20,10.01,12.20,96.49,79.68,16.82,2026-07-04
64,Marquette,Big East,,,18,12,67.7,63.0,4.63,,8.69,,5.67,6.33,12.01,101.70,85.87,15.82,2026-07-04
65,Purdue,Big Ten,,,13,17,69.4,72.2,-2.80,,14.78,,9.56,2.42,11.98,105.24,89.21,16.03,2026-07-04
66,South Florida,American,,,20,12,70.4,66.5,3.94,,7.74,,8.42,3.26,11.68,101.62,86.73,14.90,2026-07-04
67,Fairfield,MAAC,,,28,5,75.0,56.5,18.55,,-6.93,,7.54,4.08,11.62,103.68,87.59,16.10,2026-07-04
68,Wisconsin,Big Ten,,,16,18,67.8,71.9,-4.15,,15.54,,8.51,2.88,11.39,103.00,88.08,14.92,2026-07-04
69,George Mason,A-10,,,23,10,67.3,60.1,7.21,,4.05,,4.47,6.79,11.26,98.71,82.52,16.19,2026-07-04
70,Missouri,SEC,,,17,17,72.4,76.5,-4.15,,15.20,,12.48,-1.43,11.05,105.91,91.57,14.34,2026-07-04
71,Rice,American,,,29,6,69.5,59.6,9.83,,1.21,,4.75,6.29,11.04,98.02,83.42,14.60,2026-07-04
72,Auburn,SEC,,,15,17,59.3,62.9,-3.56,,14.51,,-0.33,11.28,10.95,94.34,80.53,13.81,2026-07-04
73,Colorado State,MWC,,,27,8,66.4,55.2,11.23,,0.38,,0.98,9.63,10.61,99.77,84.45,15.33,2026-07-04
74,San Diego State,MWC,,,27,6,70.1,60.1,10.06,,1.66,,5.26,4.90,10.16,102.58,88.11,14.47,2026-07-04
75,Troy,Sun Belt,,,25,8,81.3,69.9,11.45,,0.49,,12.79,-2.67,10.12,98.41,86.97,11.45,2026-07-04
76,Davidson,A-10,,,21,12,65.4,58.1,7.33,,2.59,,1.95,7.97,9.92,97.11,83.42,13.69,2026-07-04
77,Montana State,Big Sky,,,27,8,73.7,60.9,12.80,,-0.95,,6.16,3.72,9.87,94.83,82.27,12.56,2026-07-04
78,Penn State,Big Ten,,,11,18,74.4,82.2,-7.79,,17.22,,16.34,-6.91,9.43,106.28,93.63,12.65,2026-07-04
79,Santa Clara,WCC,,,24,10,80.2,68.6,11.62,,1.34,,13.60,-4.23,9.37,101.70,89.92,11.78,2026-07-04
80,Ball State,MAC,,,26,7,78.7,66.0,12.70,,-1.23,,10.78,-1.58,9.21,100.27,89.08,11.19,2026-07-04
81,Creighton,Big East,,,16,15,67.5,68.8,-1.26,,10.46,,7.15,2.05,9.20,101.97,89.58,12.39,2026-07-04
82,Oregon State,WCC,,,23,12,67.0,61.0,6.00,,4.27,,2.20,6.71,8.91,99.02,86.92,12.10,2026-07-04
83,Arkansas State,Sun Belt,,,27,10,76.4,66.2,10.16,,-0.43,,8.58,0.02,8.60,95.38,85.19,10.19,2026-07-04
84,Georgetown,Big East,,,14,17,62.6,62.5,0.16,,8.40,,1.82,6.75,8.56,96.24,85.00,11.24,2026-07-04
85,Florida State,ACC,,,10,21,71.5,77.1,-5.55,,14.00,,11.77,-3.32,8.45,99.15,88.69,10.45,2026-07-04
86,Louisiana Tech,CUSA,,,26,7,72.8,58.5,14.24,,-1.60,,4.25,4.15,8.40,101.96,89.84,12.12,2026-07-04
87,Nevada-Las Vegas,MWC,,,21,11,68.7,62.8,5.84,,2.48,,6.01,2.31,8.32,101.58,90.22,11.36,2026-07-04
88,Georgia Southern,Sun Belt,,,23,8,71.8,64.8,7.03,,2.81,,3.67,4.34,8.01,99.22,88.10,11.12,2026-07-04
89,Miami (OH),MAC,,,28,7,70.5,59.1,11.37,,-1.28,,1.71,6.25,7.96,95.75,84.91,10.84,2026-07-04
90,Arkansas,SEC,,,12,20,70.4,76.0,-5.56,,13.17,,9.73,-2.12,7.61,97.56,87.75,9.81,2026-07-04
91,Murray State,MVC,,,31,4,85.6,73.9,11.71,,-2.78,,16.24,-8.64,7.61,106.48,96.79,9.70,2026-07-04
92,Saint Joseph's,A-10,,,20,11,66.5,58.5,8.00,,2.26,,1.42,6.19,7.61,98.26,87.48,10.78,2026-07-04
93,North Texas,American,,,19,14,70.6,62.1,8.55,,2.35,,3.41,4.11,7.52,94.00,84.34,9.66,2026-07-04
94,Cincinnati,Big 12,,,11,20,70.0,73.4,-3.35,,11.88,,8.45,-1.33,7.12,101.23,91.74,9.49,2026-07-04
95,Marshall,Sun Belt,,,28,9,72.4,62.5,9.89,,0.60,,4.42,2.66,7.09,98.45,89.22,9.23,2026-07-04
96,UC Irvine,Big West,,,26,7,70.9,58.1,12.85,,-6.03,,2.77,4.06,6.82,99.27,89.67,9.59,2026-07-04
97,Arizona,Big 12,,,12,18,69.8,71.2,-1.37,,7.93,,8.11,-1.55,6.56,96.67,88.48,8.19,2026-07-04
98,Green Bay,Horizon,,,25,9,68.4,59.1,9.26,,-1.65,,1.47,4.98,6.45,95.62,86.85,8.77,2026-07-04
99,St. John's (NY),Big East,,,22,12,61.4,61.2,0.18,,5.87,,-0.26,6.31,6.05,95.19,87.87,7.33,2026-07-04
100,Idaho,Big Sky,,,29,6,76.6,65.1,11.49,,-3.84,,7.73,-1.91,5.83,95.74,88.80,6.94,2026-07-04
101,McNeese,Southland,,,29,6,68.2,52.8,15.34,,-6.57,,-2.63,8.24,5.61,92.20,83.90,8.30,2026-07-04
102,Northwestern,Big Ten,,,8,21,65.4,75.9,-10.52,,15.94,,6.11,-0.68,5.42,99.91,93.31,6.60,2026-07-04
103,Belmont,MVC,,,20,12,71.0,66.8,4.22,,0.97,,3.53,1.66,5.19,95.77,88.77,7.00,2026-07-04
104,Quinnipiac,MAAC,,,27,7,67.2,52.5,14.65,,-9.56,,-1.51,6.60,5.09,96.82,88.82,7.99,2026-07-04
105,Lindenwood,OVC,,,25,8,73.1,61.0,12.09,,-4.03,,4.55,0.46,5.01,103.56,95.92,7.64,2026-07-04
106,Western Illinois,OVC,,,26,6,75.1,60.8,14.31,,-5.86,,5.10,-0.10,5.00,100.25,92.55,7.70,2026-07-04
107,Massachusetts,MAC,,,23,7,68.8,60.4,8.47,,-3.49,,1.46,3.51,4.97,94.40,88.07,6.33,2026-07-04
108,Butler,Big East,,,12,19,62.2,65.0,-2.81,,7.76,,0.02,4.94,4.95,93.18,87.73,5.45,2026-07-04
109,New Mexico,MWC,,,22,10,67.4,60.7,6.66,,-1.76,,1.39,3.50,4.89,95.03,88.91,6.12,2026-07-04
110,Loyola Marymount,WCC,,,21,10,71.1,63.5,7.65,,-1.22,,4.86,0.02,4.88,99.36,92.79,6.57,2026-07-04
111,Vermont,AmEast,,,27,8,65.4,52.2,13.17,,-4.86,,-3.18,8.01,4.84,96.30,88.63,7.67,2026-07-04
112,UTSA,American,,,18,16,59.7,58.7,1.00,,4.75,,-4.83,9.34,4.51,89.71,83.34,6.37,2026-07-04
113,Wake Forest,ACC,,,14,18,65.2,66.3,-1.16,,5.61,,2.16,2.29,4.46,95.16,89.85,5.31,2026-07-04
114,College of Charleston,CAA,,,27,6,74.0,58.8,15.27,,-6.68,,3.95,0.21,4.16,97.63,91.93,5.70,2026-07-04
115,East Carolina,American,,,22,10,71.2,65.3,5.94,,-1.83,,5.38,-1.27,4.11,93.61,89.02,4.59,2026-07-04
116,UCF,Big 12,,,11,19,62.9,67.2,-4.27,,8.16,,0.70,3.20,3.90,92.62,88.11,4.51,2026-07-04
117,Boise State,MWC,,,25,9,69.7,63.9,5.79,,-1.90,,4.55,-0.72,3.83,96.84,91.99,4.85,2026-07-04
118,Grand Canyon,MWC,,,13,19,64.8,64.7,0.13,,3.50,,2.08,1.54,3.62,92.36,87.81,4.56,2026-07-04
119,Missouri State,CUSA,,,23,13,65.6,62.1,3.53,,0.02,,0.25,3.30,3.55,90.72,86.52,4.20,2026-07-04
120,Temple,American,,,15,17,67.8,68.8,-0.97,,4.13,,4.90,-1.74,3.16,94.12,90.71,3.41,2026-07-04
121,Abilene Christian,WAC,,,24,11,71.6,60.4,11.14,,-3.59,,-0.05,3.02,2.97,95.22,91.21,4.01,2026-07-04
122,Pennsylvania,Ivy,,,17,10,64.6,57.9,6.70,,0.01,,-0.91,3.84,2.93,92.67,89.53,3.14,2026-07-04
123,Portland,WCC,,,20,15,68.7,63.7,5.00,,1.63,,1.67,1.23,2.90,90.88,87.02,3.86,2026-07-04
124,Central Michigan,MAC,,,18,12,70.3,66.3,3.97,,-0.32,,3.79,-0.94,2.86,95.07,92.01,3.06,2026-07-04
125,California Baptist,WAC,,,23,11,71.9,67.2,4.76,,-1.95,,5.94,-3.13,2.82,94.17,91.10,3.07,2026-07-04
126,Hawaii,Big West,,,22,11,63.5,57.1,6.42,,-3.40,,-3.63,6.45,2.82,90.62,86.11,4.51,2026-07-04
127,South Dakota,Summit,,,26,10,70.2,58.8,11.47,,-4.46,,-0.83,3.62,2.79,92.49,88.28,4.22,2026-07-04
128,Eastern Kentucky,A-Sun,,,25,9,71.4,59.2,12.24,,-7.31,,1.08,1.64,2.73,91.48,88.45,3.03,2026-07-04
129,Providence,Big East,,,15,18,60.0,63.9,-3.91,,6.61,,-1.80,4.49,2.70,90.00,86.79,3.21,2026-07-04
130,Northern Iowa,MVC,,,18,14,67.8,64.3,3.53,,-1.03,,-1.38,3.88,2.50,91.23,88.37,2.86,2026-07-04
131,UC San Diego,Big West,,,24,9,70.2,62.6,7.52,,-3.78,,2.48,-0.01,2.48,93.10,89.68,3.43,2026-07-04
132,Pepperdine,WCC,,,21,13,70.6,67.0,3.65,,-0.61,,3.60,-1.31,2.30,95.48,92.85,2.63,2026-07-04
133,Coastal Carolina,Sun Belt,,,14,18,73.1,67.4,5.63,,-0.05,,4.65,-2.70,1.95,91.64,89.83,1.81,2026-07-04
134,Central Arkansas,A-Sun,,,21,11,69.2,57.4,11.78,,-6.83,,-1.75,3.69,1.94,90.99,87.63,3.36,2026-07-04
135,Rutgers,Big Ten,,,9,20,58.0,69.5,-11.45,,13.39,,-2.02,3.95,1.94,90.89,89.29,1.60,2026-07-04
136,Purdue Fort Wayne,Horizon,,,21,14,71.0,64.3,6.66,,-3.13,,2.97,-1.39,1.58,92.44,90.54,1.91,2026-07-04
137,Illinois State,MVC,,,24,14,71.3,66.7,4.55,,-3.16,,2.12,-0.72,1.40,95.40,94.04,1.37,2026-07-04
138,Liberty,CUSA,,,18,13,64.0,60.0,3.97,,-0.35,,-1.83,3.17,1.34,95.08,93.30,1.78,2026-07-04
139,Southern Indiana,OVC,,,21,11,69.4,58.7,10.72,,-4.74,,-0.22,1.38,1.16,91.81,89.84,1.97,2026-07-04
140,Brown,Ivy,,,16,11,61.3,56.8,4.56,,-2.06,,-3.76,4.43,0.67,86.39,87.09,-0.69,2026-07-04
141,Tulsa,American,,,19,12,67.9,66.0,1.94,,-1.39,,0.96,-0.42,0.54,90.01,89.47,0.54,2026-07-04
142,UC Santa Barbara,Big West,,,20,10,66.2,59.9,6.30,,-4.76,,-2.44,2.96,0.52,92.45,91.94,0.51,2026-07-04
143,Navy,Patriot,,,22,9,69.6,60.8,8.74,,-7.40,,2.32,-1.86,0.46,92.01,92.14,-0.13,2026-07-04
144,Charlotte,American,,,14,18,63.5,66.3,-2.72,,3.16,,-0.63,1.06,0.44,91.48,91.24,0.24,2026-07-04
145,Old Dominion,Sun Belt,,,18,14,69.4,68.5,0.94,,1.83,,2.10,-1.69,0.41,90.08,90.00,0.07,2026-07-04
146,Louisiana-Monroe,Sun Belt,,,17,16,69.7,67.8,1.88,,-0.05,,2.27,-1.94,0.33,92.38,92.04,0.34,2026-07-04
147,San Francisco,WCC,,,19,15,68.1,67.8,0.35,,1.06,,2.58,-2.37,0.21,88.63,88.60,0.03,2026-07-04
148,Cleveland State,Horizon,,,26,10,70.2,60.3,9.83,,-7.10,,-0.55,0.63,0.08,92.00,92.14,-0.14,2026-07-04
149,Toledo,MAC,,,17,15,65.1,63.3,1.84,,-1.43,,-2.92,3.00,0.08,90.04,90.07,-0.03,2026-07-04
150,Middle Tennessee,CUSA,,,17,16,61.9,60.4,1.55,,-1.48,,-3.49,3.55,0.06,92.40,92.68,-0.28,2026-07-04
151,Houston,Big 12,,,7,23,61.2,73.2,-12.00,,12.04,,0.97,-0.93,0.04,89.29,88.86,0.42,2026-07-04
152,Idaho State,Big Sky,,,19,11,65.6,60.6,5.00,,-3.46,,-3.56,3.48,-0.08,87.87,87.84,0.03,2026-07-04
153,Army,Patriot,,,26,8,64.8,55.9,8.85,,-8.26,,-3.36,3.13,-0.23,93.51,93.96,-0.45,2026-07-04
154,Tulane,American,,,11,20,65.0,67.1,-2.06,,1.69,,-0.50,0.13,-0.37,90.02,90.86,-0.84,2026-07-04
155,Ohio,MAC,,,18,14,73.7,71.2,2.56,,-2.02,,6.62,-7.03,-0.41,91.54,92.70,-1.16,2026-07-04
156,Youngstown State,Horizon,,,25,10,66.4,57.7,8.71,,-5.17,,-4.28,3.86,-0.41,88.43,89.17,-0.74,2026-07-04
157,Jacksonville,A-Sun,,,24,9,72.5,68.2,4.27,,-3.38,,5.19,-5.61,-0.42,91.00,91.84,-0.84,2026-07-04
158,Fresno State,MWC,,,15,18,62.9,60.7,2.18,,-1.21,,-3.29,2.80,-0.49,87.85,88.71,-0.86,2026-07-04
159,Bradley,MVC,,,20,13,69.7,64.2,5.58,,-4.37,,-1.30,0.77,-0.53,91.07,91.50,-0.43,2026-07-04
160,FDU,NEC,,,30,5,68.5,51.5,17.00,,-15.60,,-5.36,4.81,-0.54,92.93,92.22,0.71,2026-07-04
161,High Point,Big South,,,27,6,73.8,60.1,13.73,,-11.90,,1.90,-2.47,-0.57,91.77,93.37,-1.60,2026-07-04
162,George Washington,A-10,,,18,18,61.0,60.7,0.28,,0.09,,-4.48,3.74,-0.74,91.53,93.00,-1.47,2026-07-04
163,La Salle,A-10,,,19,14,64.6,64.0,0.67,,-0.46,,-0.32,-0.48,-0.80,88.69,90.28,-1.59,2026-07-04
164,Dayton,A-10,,,17,14,67.0,67.5,-0.58,,-0.26,,2.55,-3.39,-0.84,94.45,96.14,-1.70,2026-07-04
165,Saint Mary's,WCC,,,15,17,59.9,59.4,0.56,,0.45,,-6.58,5.73,-0.85,88.32,90.22,-1.89,2026-07-04
166,Northern Colorado,Big Sky,,,23,11,68.5,60.6,7.91,,-3.96,,-2.37,1.51,-0.86,91.11,92.07,-0.97,2026-07-04
167,Kent State,MAC,,,15,16,69.0,67.6,1.39,,0.83,,0.98,-2.26,-1.28,91.62,93.88,-2.26,2026-07-04
168,Sam Houston,CUSA,,,18,13,65.3,59.9,5.42,,-2.30,,-2.96,1.66,-1.30,84.57,87.28,-2.71,2026-07-04
169,Howard,MEAC,,,26,8,66.6,60.4,6.18,,-7.68,,-1.45,-0.06,-1.51,88.67,91.63,-2.96,2026-07-04
170,South Alabama,Sun Belt,,,17,19,67.6,67.6,0.00,,-1.52,,0.20,-1.72,-1.52,91.13,93.56,-2.43,2026-07-04
171,UC Davis,Big West,,,23,11,68.6,64.5,4.09,,-3.82,,1.24,-2.87,-1.63,92.29,95.29,-3.00,2026-07-04
172,Holy Cross,Patriot,,,23,10,60.9,57.6,3.30,,-5.00,,-4.81,3.12,-1.69,85.99,89.07,-3.08,2026-07-04
173,Florida International,CUSA,,,21,12,70.3,65.7,4.55,,-3.56,,2.47,-4.22,-1.75,89.05,91.84,-2.79,2026-07-04
174,Maine,AmEast,,,19,13,61.7,60.0,1.69,,-3.49,,-2.91,1.11,-1.80,89.94,93.23,-3.29,2026-07-04
175,Austin Peay,A-Sun,,,19,14,66.0,58.7,7.30,,-6.26,,-5.48,3.64,-1.84,91.01,93.54,-2.53,2026-07-04
176,DePaul,Big East,,,8,24,63.0,72.3,-9.28,,7.43,,1.83,-3.68,-1.85,90.44,93.55,-3.11,2026-07-04
177,Florida Gulf Coast,A-Sun,,,16,16,63.4,59.1,4.25,,-1.64,,-6.14,4.27,-1.87,88.06,90.38,-2.32,2026-07-04
178,Xavier,Big East,,,11,19,58.4,66.6,-8.20,,6.20,,-4.57,2.57,-2.00,88.00,91.47,-3.47,2026-07-04
179,Stephen F. Austin,Southland,,,25,10,75.3,66.9,8.37,,-8.89,,6.01,-8.15,-2.14,93.84,97.16,-3.32,2026-07-04
180,Appalachian State,Sun Belt,,,11,19,62.6,61.5,1.13,,1.09,,-5.24,3.04,-2.19,89.74,93.76,-4.02,2026-07-04
181,Southern Mississippi,Sun Belt,,,15,16,74.3,74.0,0.32,,-0.01,,5.81,-8.44,-2.63,95.81,99.95,-4.14,2026-07-04
182,UAB,American,,,11,19,68.2,69.9,-1.67,,-1.30,,1.88,-4.80,-2.92,94.19,98.20,-4.01,2026-07-04
183,Drexel,CAA,,,21,11,63.7,57.3,6.34,,-7.80,,-4.80,1.71,-3.09,90.82,95.20,-4.38,2026-07-04
184,Pacific,WCC,,,11,19,65.6,68.7,-3.13,,2.42,,-0.96,-2.17,-3.13,91.23,96.13,-4.90,2026-07-04
185,Northern Kentucky,Horizon,,,15,17,68.4,69.8,-1.38,,-1.88,,1.61,-4.86,-3.26,91.81,96.43,-4.62,2026-07-04
186,Southern Methodist,ACC,,,9,21,61.8,74.7,-12.90,,9.56,,-0.03,-3.31,-3.34,89.61,94.49,-4.88,2026-07-04
187,Bryant,AmEast,,,18,12,63.2,55.0,8.20,,-8.78,,-5.69,2.31,-3.38,84.94,89.73,-4.79,2026-07-04
188,Loyola (IL),A-10,,,16,18,56.9,61.4,-4.47,,1.06,,-6.81,3.39,-3.42,85.97,91.38,-5.41,2026-07-04
189,Bowling Green,MAC,,,17,14,69.5,66.2,3.23,,-0.35,,-1.28,-2.26,-3.53,87.33,92.46,-5.13,2026-07-04
190,Cal State Fullerton,Big West,,,18,14,71.3,65.8,5.53,,-5.58,,2.28,-5.89,-3.61,87.06,92.63,-5.57,2026-07-04
191,Boston College,ACC,,,5,26,64.1,76.8,-12.74,,9.13,,2.82,-6.43,-3.62,95.29,101.33,-6.04,2026-07-04
192,Binghamton,AmEast,,,20,13,65.2,61.8,3.42,,-4.11,,-1.85,-1.81,-3.66,92.74,98.39,-5.65,2026-07-04
193,Eastern Michigan,MAC,,,13,16,67.4,67.7,-0.31,,-1.52,,-0.63,-3.06,-3.70,91.09,96.71,-5.62,2026-07-04
194,Illinois-Chicago,MVC,,,14,18,66.2,66.0,0.13,,-3.95,,-3.59,-0.24,-3.83,92.65,98.04,-5.39,2026-07-04
195,Oral Roberts,Summit,,,15,15,76.2,75.2,0.93,,-1.02,,8.62,-12.63,-4.02,94.61,100.40,-5.80,2026-07-04
196,Utah Valley,WAC,,,16,15,63.2,61.2,1.97,,-3.08,,-5.75,1.70,-4.05,83.86,89.70,-5.84,2026-07-04
197,Southern Utah,WAC,,,19,13,72.3,68.2,4.13,,-3.81,,1.97,-6.10,-4.12,93.57,99.37,-5.81,2026-07-04
198,Stetson,A-Sun,,,20,12,69.7,64.9,4.81,,-5.42,,0.71,-4.86,-4.15,94.76,100.54,-5.78,2026-07-04
199,Air Force,MWC,,,16,19,60.2,63.3,-3.09,,-0.99,,-4.53,0.33,-4.20,87.47,93.70,-6.22,2026-07-04
200,Drake,MVC,,,12,20,71.2,74.2,-2.97,,-1.53,,2.46,-6.96,-4.50,93.63,99.81,-6.18,2026-07-04
201,Washington State,WCC,,,9,25,63.6,73.2,-9.65,,5.09,,-0.92,-3.63,-4.56,91.36,98.19,-6.83,2026-07-04
202,Albany (NY),AmEast,,,14,16,57.6,55.2,2.37,,-5.22,,-9.37,4.77,-4.60,88.53,95.40,-6.87,2026-07-04
203,NJIT,AmEast,,,19,13,65.4,62.9,2.53,,-7.19,,-0.12,-4.54,-4.66,91.69,98.87,-7.17,2026-07-04
204,Memphis,American,,,10,21,65.3,68.9,-3.61,,0.44,,-1.39,-3.37,-4.76,81.24,87.66,-6.42,2026-07-04
205,Maryland-Baltimore County,AmEast,,,17,15,62.3,58.4,3.91,,-4.84,,-6.39,1.62,-4.77,83.64,90.65,-7.01,2026-07-04
206,Lamar,Southland,,,20,11,64.4,59.2,5.16,,-9.22,,-5.79,0.88,-4.92,86.45,92.72,-6.27,2026-07-04
207,Sacramento State,Big Sky,,,15,18,63.3,60.7,2.61,,-3.08,,-8.12,3.14,-4.98,84.25,91.61,-7.36,2026-07-04
208,Eastern Washington,Big Sky,,,15,18,69.2,68.4,0.82,,-2.74,,1.11,-6.10,-4.99,89.51,96.77,-7.26,2026-07-04
209,Saint Louis,A-10,,,12,21,64.2,67.3,-3.06,,0.41,,-2.97,-2.24,-5.22,83.18,90.66,-7.48,2026-07-04
210,St. Thomas,Summit,,,16,16,64.8,62.2,2.66,,-3.26,,-6.44,1.18,-5.26,86.78,94.63,-7.85,2026-07-04
211,Nevada,MWC,,,10,21,57.1,61.8,-4.68,,-0.01,,-7.41,2.00,-5.41,84.34,92.36,-8.02,2026-07-04
212,Norfolk State,MEAC,,,18,15,63.4,58.1,5.36,,-6.30,,-7.08,1.58,-5.51,79.80,88.65,-8.85,2026-07-04
213,Lehigh,Patriot,,,17,15,66.3,65.7,0.53,,-6.21,,0.30,-5.97,-5.68,93.95,102.81,-8.86,2026-07-04
214,St. Bonaventure,A-10,,,17,16,61.9,61.7,0.24,,-4.43,,-4.80,-0.88,-5.68,86.00,94.53,-8.52,2026-07-04
215,Tarleton State,WAC,,,14,17,64.8,65.2,-0.39,,-2.70,,-4.02,-1.72,-5.74,86.66,94.33,-7.67,2026-07-04
216,Duquesne,A-10,,,12,19,63.8,65.1,-1.26,,-1.59,,-3.75,-2.08,-5.84,83.07,92.03,-8.96,2026-07-04
217,Monmouth,CAA,,,21,12,63.8,58.7,5.15,,-7.67,,-5.57,-0.47,-6.04,86.17,95.08,-8.91,2026-07-04
218,Radford,Big South,,,23,13,67.4,61.2,6.19,,-10.22,,-4.32,-1.84,-6.16,83.68,92.87,-9.19,2026-07-04
219,Robert Morris,Horizon,,,18,12,63.8,60.4,3.43,,-7.06,,-6.85,0.69,-6.16,84.83,93.85,-9.02,2026-07-04
220,Longwood,Big South,,,21,10,76.5,65.7,10.84,,-10.63,,2.46,-8.63,-6.17,85.36,96.34,-10.98,2026-07-04
221,Wyoming,MWC,,,10,20,55.3,61.6,-6.27,,1.47,,-9.20,2.91,-6.29,84.22,94.51,-10.28,2026-07-04
222,Morehead State,OVC,,,18,15,64.9,65.2,-0.33,,-3.60,,-4.29,-2.12,-6.41,86.07,94.78,-8.71,2026-07-04
223,Virginia Commonwealth,A-10,,,8,23,56.7,67.4,-10.61,,4.11,,-6.04,-0.47,-6.51,83.60,92.90,-9.30,2026-07-04
224,Tennessee Tech,OVC,,,15,14,66.2,64.3,1.86,,-6.20,,-2.90,-3.66,-6.57,89.22,98.50,-9.28,2026-07-04
225,Jacksonville State,CUSA,,,16,16,63.0,59.4,3.53,,-5.61,,-7.10,0.49,-6.61,87.77,97.36,-9.59,2026-07-04
226,Florida Atlantic,American,,,14,18,62.3,68.6,-6.34,,1.28,,-3.51,-3.15,-6.66,85.38,95.30,-9.92,2026-07-04
227,Campbell,CAA,,,20,12,60.4,55.6,4.78,,-7.73,,-9.97,3.28,-6.69,83.18,93.49,-10.32,2026-07-04
228,Chattanooga,Southern,,,20,11,64.9,59.4,5.48,,-9.19,,-5.38,-1.36,-6.75,89.00,97.99,-8.99,2026-07-04
229,Elon,CAA,,,16,16,64.8,62.4,2.34,,-7.29,,-3.93,-2.91,-6.84,86.89,96.82,-9.93,2026-07-04
230,Texas-Rio Grande Valley,Southland,,,21,14,66.1,64.9,1.23,,-5.40,,-2.52,-4.37,-6.89,88.78,97.48,-8.70,2026-07-04
231,Georgia State,Sun Belt,,,10,21,69.2,74.5,-5.29,,1.40,,2.49,-9.47,-6.98,90.70,100.44,-9.74,2026-07-04
232,UC Riverside,Big West,,,11,21,62.8,65.2,-2.38,,-2.60,,-5.25,-1.82,-7.07,85.66,95.44,-9.78,2026-07-04
233,UT Arlington,WAC,,,12,21,61.2,67.5,-6.24,,-1.03,,-4.94,-2.33,-7.27,81.62,90.71,-9.09,2026-07-04
234,Pittsburgh,ACC,,,8,23,60.5,73.0,-12.42,,5.34,,-3.17,-4.13,-7.29,86.52,97.15,-10.63,2026-07-04
235,Northwestern State,Southland,,,18,14,63.6,60.8,2.78,,-6.01,,-7.97,0.62,-7.34,84.65,94.55,-9.90,2026-07-04
236,Alabama A&M,SWAC,,,22,11,61.8,56.5,5.27,,-9.41,,-9.94,2.56,-7.38,81.33,90.93,-9.59,2026-07-04
237,William & Mary,CAA,,,17,14,60.9,60.6,0.29,,-7.06,,-7.66,0.26,-7.40,82.92,93.94,-11.02,2026-07-04
238,Towson,CAA,,,17,14,66.4,65.7,0.65,,-5.98,,-0.71,-6.70,-7.41,87.27,98.07,-10.81,2026-07-04
239,Delaware,CUSA,,,13,19,63.1,65.7,-2.66,,-4.04,,-4.03,-3.52,-7.56,83.99,94.87,-10.88,2026-07-04
240,Southern,SWAC,,,20,14,61.2,60.2,0.97,,-6.12,,-7.85,0.29,-7.56,81.95,92.17,-10.22,2026-07-04
241,Fordham,A-10,,,10,20,60.4,64.3,-3.87,,-3.56,,-5.20,-2.66,-7.87,83.31,95.06,-11.75,2026-07-04
242,Little Rock,OVC,,,15,16,61.0,62.9,-1.90,,-3.17,,-7.95,0.02,-7.93,83.21,94.03,-10.82,2026-07-04
243,Wofford,Southern,,,16,13,65.8,60.8,4.97,,-7.66,,-6.06,-2.10,-8.16,86.25,98.06,-11.81,2026-07-04
244,Merrimack,MAAC,,,19,13,67.4,63.7,3.69,,-10.36,,-2.05,-6.14,-8.20,85.03,97.14,-12.11,2026-07-04
245,Kennesaw State,CUSA,,,13,17,62.0,61.6,0.40,,-3.56,,-6.64,-1.58,-8.22,81.40,93.12,-11.72,2026-07-04
246,Texas State,Sun Belt,,,11,19,62.9,66.2,-3.30,,-1.58,,-6.23,-2.03,-8.26,82.88,94.02,-11.14,2026-07-04
247,Wichita State,American,,,8,23,60.5,67.0,-6.58,,0.25,,-6.55,-1.80,-8.35,83.52,95.11,-11.60,2026-07-04
248,West Georgia,A-Sun,,,18,13,73.0,68.3,4.74,,-8.97,,1.81,-10.19,-8.38,90.92,102.48,-11.56,2026-07-04
249,Southeast Missouri State,OVC,,,14,18,66.8,67.0,-0.19,,-4.49,,-2.66,-5.74,-8.39,86.96,98.21,-11.25,2026-07-04
250,SIU Edwardsville,OVC,,,16,16,62.1,59.9,2.22,,-6.50,,-9.32,0.58,-8.74,84.04,96.22,-12.18,2026-07-04
251,Weber State,Big Sky,,,11,22,63.9,67.3,-3.42,,-1.19,,-4.78,-4.01,-8.79,83.62,95.52,-11.90,2026-07-04
252,North Alabama,A-Sun,,,17,14,64.6,64.0,0.61,,-7.33,,-5.00,-3.82,-8.82,82.96,95.50,-12.54,2026-07-04
253,IU Indy,Horizon,,,14,17,66.3,68.7,-2.48,,-3.62,,-3.65,-5.21,-8.86,84.58,97.11,-12.53,2026-07-04
254,San Diego,WCC,,,11,22,57.5,63.8,-6.39,,-0.16,,-9.64,0.73,-8.91,80.06,93.19,-13.13,2026-07-04
255,Stony Brook,CAA,,,18,15,57.5,57.4,0.06,,-5.68,,-12.12,3.04,-9.08,80.97,94.72,-13.75,2026-07-04
256,Utah Tech,WAC,,,9,20,63.6,67.7,-4.10,,-4.59,,-4.76,-4.47,-9.23,83.44,96.23,-12.79,2026-07-04
257,Maryland-Eastern Shore,MEAC,,,20,15,61.5,62.1,-0.63,,-6.48,,-7.44,-1.80,-9.24,79.29,92.69,-13.40,2026-07-04
258,Furman,Southern,,,18,13,67.6,61.3,6.39,,-6.51,,-4.57,-4.72,-9.29,81.03,94.37,-13.35,2026-07-04
259,East Tennessee State,Southern,,,18,13,57.1,56.5,0.58,,-7.96,,-11.80,2.29,-9.51,80.26,93.60,-13.35,2026-07-04
260,Tennessee-Martin,OVC,,,13,17,62.6,63.0,-0.40,,-4.72,,-7.59,-1.94,-9.54,84.48,98.19,-13.72,2026-07-04
261,Northern Arizona,Big Sky,,,10,22,69.4,74.4,-5.03,,-1.53,,0.94,-10.61,-9.67,87.75,100.99,-13.23,2026-07-04
262,North Carolina A&T,CAA,,,12,18,62.7,63.0,-0.30,,-3.02,,-5.89,-4.21,-10.10,82.31,96.84,-14.53,2026-07-04
263,Oakland,Horizon,,,10,21,63.7,71.2,-7.55,,-0.45,,-2.77,-7.41,-10.18,89.02,103.19,-14.17,2026-07-04
264,Western Michigan,MAC,,,9,20,56.2,65.6,-9.31,,-1.15,,-11.06,0.70,-10.37,79.71,94.45,-14.74,2026-07-04
265,Evansville,MVC,,,10,25,68.2,75.7,-7.49,,-2.94,,-0.71,-9.72,-10.42,87.49,101.40,-13.91,2026-07-04
266,Montana,Big Sky,,,9,22,62.1,71.5,-9.39,,0.44,,-4.58,-5.92,-10.50,87.32,102.27,-14.96,2026-07-04
267,Nicholls State,Southland,,,15,16,64.5,62.7,1.81,,-11.40,,-8.50,-2.60,-11.10,80.72,95.64,-14.92,2026-07-04
268,UTEP,CUSA,,,13,17,66.1,69.8,-3.70,,-4.14,,-1.51,-9.60,-11.11,86.35,102.02,-15.67,2026-07-04
269,Kansas City,Summit,,,7,23,66.6,70.2,-3.63,,-0.31,,-4.84,-6.29,-11.13,86.24,102.53,-16.29,2026-07-04
270,Hofstra,CAA,,,11,22,54.5,60.5,-6.09,,-3.73,,-12.12,0.98,-11.14,79.06,96.07,-17.01,2026-07-04
271,Mercer,Southern,,,17,13,63.5,61.7,1.77,,-10.72,,-6.16,-4.99,-11.15,82.52,99.10,-16.58,2026-07-04
272,Lipscomb,A-Sun,,,10,20,61.1,62.0,-0.93,,-7.16,,-10.08,-1.08,-11.16,78.52,93.95,-15.43,2026-07-04
273,Utah State,MWC,,,6,24,59.0,68.4,-9.47,,0.41,,-6.59,-4.70,-11.29,83.26,99.43,-16.17,2026-07-04
274,Yale,Ivy,,,7,20,58.0,67.7,-9.67,,-1.93,,-6.08,-5.51,-11.60,81.57,98.82,-17.25,2026-07-04
275,Western Kentucky,CUSA,,,8,21,57.4,64.9,-7.52,,-2.29,,-10.11,-1.68,-11.79,82.47,99.99,-17.52,2026-07-04
276,Denver,Summit,,,11,19,60.5,66.8,-6.23,,-2.00,,-9.50,-2.31,-11.82,80.32,97.87,-17.56,2026-07-04
277,Southern Illinois,MVC,,,10,20,66.9,71.5,-4.60,,-4.52,,-4.89,-7.13,-12.02,83.91,100.50,-16.59,2026-07-04
278,Cal State Northridge,Big West,,,10,20,64.7,66.8,-2.10,,-4.33,,-6.19,-5.85,-12.04,78.99,95.05,-16.06,2026-07-04
279,Loyola (MD),Patriot,,,12,18,55.1,60.4,-5.30,,-6.74,,-12.36,0.32,-12.04,81.20,99.73,-18.54,2026-07-04
280,UNC Greensboro,Southern,,,14,16,62.5,55.5,7.03,,-9.35,,-12.16,-0.19,-12.35,80.35,98.75,-18.40,2026-07-04
281,Akron,MAC,,,7,24,69.5,77.7,-8.19,,0.05,,1.07,-13.85,-12.78,87.40,104.60,-17.20,2026-07-04
282,Samford,Southern,,,16,19,60.0,64.7,-4.69,,-4.93,,-7.79,-5.18,-12.97,84.35,103.59,-19.24,2026-07-04
283,New Hampshire,AmEast,,,10,20,55.8,60.1,-4.23,,-5.39,,-11.28,-1.75,-13.03,79.07,98.50,-19.44,2026-07-04
284,Siena,MAAC,,,13,17,65.8,65.5,0.33,,-13.40,,-3.51,-9.56,-13.07,79.47,99.91,-20.43,2026-07-04
285,Boston University,Patriot,,,11,20,58.9,61.5,-2.65,,-8.00,,-9.28,-3.81,-13.10,86.81,107.37,-20.56,2026-07-04
286,Long Island University,NEC,,,21,11,70.8,62.5,8.38,,-18.10,,-3.57,-9.57,-13.14,83.40,102.90,-19.50,2026-07-04
287,Iona,MAAC,,,20,12,60.3,59.6,0.72,,-13.56,,-10.12,-3.18,-13.30,80.63,99.82,-19.19,2026-07-04
288,Coppin State,MEAC,,,10,23,58.4,67.0,-8.61,,-2.26,,-9.51,-4.01,-13.52,75.68,93.68,-18.01,2026-07-04
289,Incarnate Word,Southland,,,13,17,65.5,71.5,-6.07,,-5.93,,-2.60,-10.94,-13.54,89.00,106.87,-17.88,2026-07-04
290,Cornell,Ivy,,,9,18,54.4,61.8,-7.37,,-2.89,,-13.04,-0.55,-13.58,80.94,102.60,-21.66,2026-07-04
291,Lafayette,Patriot,,,11,19,58.9,62.9,-4.00,,-9.73,,-8.70,-5.03,-13.73,82.33,102.87,-20.54,2026-07-04
292,Mount St. Mary's,MAAC,,,15,15,60.1,62.4,-2.30,,-11.45,,-9.35,-4.39,-13.75,76.64,96.38,-19.74,2026-07-04
293,Wright State,Horizon,,,10,22,65.3,69.7,-4.31,,-5.45,,-5.56,-8.26,-13.82,84.34,103.87,-19.53,2026-07-04
294,Manhattan,MAAC,,,11,20,57.7,64.1,-6.32,,-7.60,,-9.50,-4.42,-13.92,77.35,97.07,-19.72,2026-07-04
295,North Florida,A-Sun,,,9,21,62.2,70.5,-8.27,,-4.57,,-6.43,-7.61,-14.03,81.58,101.09,-19.52,2026-07-04
296,New Mexico State,CUSA,,,9,21,57.0,66.7,-9.70,,-1.52,,-9.34,-4.92,-14.26,77.01,97.03,-20.02,2026-07-04
297,Cal State Bakersfield,Big West,,,7,23,61.5,69.6,-8.13,,-5.45,,-6.63,-7.64,-14.27,80.23,99.40,-19.17,2026-07-04
298,East Texas A&M,Southland,,,13,17,63.9,66.0,-2.13,,-8.42,,-8.21,-6.21,-14.42,80.77,100.04,-19.28,2026-07-04
299,Detroit Mercy,Horizon,,,7,24,62.8,73.1,-10.29,,-4.00,,-5.23,-9.21,-14.43,81.82,101.88,-20.06,2026-07-04
300,Bucknell,Patriot,,,11,19,52.7,56.9,-4.17,,-7.62,,-16.10,1.55,-14.56,75.45,97.76,-22.31,2026-07-04
301,Northeastern,CAA,,,7,22,60.6,67.3,-6.69,,-7.94,,-6.88,-7.76,-14.63,81.72,103.12,-21.40,2026-07-04
302,Indiana State,MVC,,,10,22,74.6,83.7,-9.13,,-3.84,,4.94,-19.88,-14.94,88.87,107.63,-18.76,2026-07-04
303,Northern Illinois,MAC,,,7,23,57.5,68.9,-11.40,,-3.54,,-11.26,-3.69,-14.94,79.67,101.44,-21.77,2026-07-04
304,Sacred Heart,MAAC,,,13,18,56.9,61.4,-4.48,,-9.99,,-11.97,-3.05,-15.02,77.97,99.86,-21.89,2026-07-04
305,Milwaukee,Horizon,,,8,24,60.6,68.5,-7.88,,-4.89,,-8.04,-7.02,-15.05,82.27,103.97,-21.70,2026-07-04
306,Buffalo,MAC,,,3,27,58.7,71.8,-13.17,,-2.28,,-7.95,-7.49,-15.44,77.43,98.48,-21.05,2026-07-04
307,Marist,MAAC,,,11,20,58.4,66.2,-7.74,,-7.74,,-8.74,-6.74,-15.48,79.68,101.67,-21.98,2026-07-04
308,Hampton,CAA,,,10,21,60.2,63.5,-3.39,,-7.57,,-9.48,-6.05,-15.53,80.44,103.21,-22.78,2026-07-04
309,Portland State,Big Sky,,,6,25,63.7,74.7,-11.00,,-3.04,,-4.30,-11.34,-15.64,84.64,106.41,-21.77,2026-07-04
310,Winthrop,Big South,,,15,17,66.1,66.9,-0.78,,-9.61,,-6.05,-9.73,-15.78,81.46,103.38,-21.92,2026-07-04
311,San Jose State,MWC,,,4,28,55.8,72.0,-16.19,,1.98,,-8.54,-7.57,-16.11,76.71,98.45,-21.74,2026-07-04
312,Grambling,SWAC,,,13,19,63.5,62.9,0.53,,-11.24,,-9.74,-6.68,-16.41,75.57,97.74,-22.17,2026-07-04
313,Alcorn State,SWAC,,,17,14,57.5,60.3,-2.74,,-10.55,,-15.25,-1.23,-16.48,74.10,96.61,-22.50,2026-07-04
314,Louisiana,Sun Belt,,,5,26,58.6,74.2,-15.55,,0.62,,-10.34,-6.79,-17.13,77.31,100.50,-23.18,2026-07-04
315,Houston Christian,Southland,,,8,21,59.4,66.3,-6.90,,-6.69,,-11.79,-5.38,-17.17,75.39,99.23,-23.85,2026-07-04
316,Alabama State,SWAC,,,17,15,60.4,66.3,-5.84,,-9.50,,-10.37,-6.96,-17.33,73.71,96.89,-23.18,2026-07-04
317,Eastern Illinois,OVC,,,4,27,56.9,71.9,-14.97,,-2.57,,-10.49,-7.04,-17.54,76.76,101.15,-24.39,2026-07-04
318,Dartmouth,Ivy,,,10,17,55.8,63.7,-7.93,,-2.69,,-12.89,-4.85,-17.73,78.73,106.34,-27.61,2026-07-04
319,Jackson State,SWAC,,,12,19,59.0,63.5,-4.52,,-10.80,,-13.49,-4.54,-18.03,76.22,100.68,-24.46,2026-07-04
320,Long Beach State,Big West,,,5,25,55.9,72.2,-16.30,,-0.98,,-9.93,-8.11,-18.04,78.16,103.47,-25.31,2026-07-04
321,North Carolina Central,MEAC,,,9,20,62.3,68.8,-6.45,,-6.89,,-8.55,-9.53,-18.08,72.58,96.28,-23.70,2026-07-04
322,American,Patriot,,,7,23,55.7,66.3,-10.60,,-7.65,,-10.98,-7.26,-18.25,77.34,105.15,-27.80,2026-07-04
323,Colgate,Patriot,,,7,24,53.0,64.0,-10.97,,-6.39,,-13.67,-4.75,-18.42,73.99,101.64,-27.66,2026-07-04
324,UNC Wilmington,CAA,,,7,24,58.7,67.8,-9.16,,-8.01,,-10.19,-8.58,-18.78,77.80,104.95,-27.15,2026-07-04
325,North Dakota,Summit,,,7,24,58.9,72.2,-13.32,,-1.95,,-9.41,-10.03,-19.45,76.76,103.38,-26.62,2026-07-04
326,UNC Asheville,Big South,,,12,18,61.4,60.7,0.73,,-14.03,,-14.27,-5.32,-19.58,71.99,99.90,-27.92,2026-07-04
327,Tennessee State,OVC,,,5,24,59.0,75.4,-16.41,,-3.35,,-7.34,-12.42,-19.76,76.48,102.62,-26.14,2026-07-04
328,Charleston Southern,Big South,,,8,22,61.5,72.8,-11.33,,-7.44,,-7.86,-12.03,-19.89,80.99,109.43,-28.44,2026-07-04
329,Gardner-Webb,Big South,,,12,19,55.2,62.7,-7.45,,-12.44,,-15.76,-4.14,-19.90,73.99,102.66,-28.68,2026-07-04
330,Cal Poly,Big West,,,4,26,56.9,72.4,-15.53,,-0.20,,-9.94,-10.05,-19.99,77.78,105.30,-27.52,2026-07-04
331,Queens (NC),A-Sun,,,10,20,59.3,67.5,-8.17,,-8.45,,-12.26,-8.23,-20.49,75.38,102.93,-27.55,2026-07-04
332,Seattle,WCC,,,5,25,61.0,75.9,-14.97,,-1.14,,-8.01,-12.55,-20.56,78.51,106.74,-28.23,2026-07-04
333,Rider,MAAC,,,7,22,53.1,62.1,-8.97,,-11.94,,-16.86,-4.05,-20.90,71.92,102.20,-30.28,2026-07-04
334,Texas A&M-Corpus Christi,Southland,,,6,23,56.6,67.3,-10.69,,-7.56,,-15.02,-6.11,-21.13,73.62,103.57,-29.95,2026-07-04
335,Wagner,NEC,,,13,17,57.0,59.6,-2.67,,-15.12,,-17.27,-3.90,-21.16,66.46,96.48,-30.02,2026-07-04
336,Mercyhurst,NEC,,,15,17,64.6,74.0,-9.41,,-11.82,,-5.92,-15.31,-21.22,84.61,114.46,-29.86,2026-07-04
337,Canisius,MAAC,,,5,24,54.9,68.3,-13.38,,-7.99,,-13.82,-7.56,-21.37,73.75,104.33,-30.57,2026-07-04
338,Delaware State,MEAC,,,7,23,55.2,64.3,-9.10,,-8.66,,-15.59,-5.84,-21.44,71.62,102.08,-30.46,2026-07-04
339,Arkansas-Pine Bluff,SWAC,,,15,16,61.1,68.3,-7.23,,-12.92,,-10.58,-10.94,-21.52,77.85,106.60,-28.75,2026-07-04
340,South Carolina Upstate,Big South,,,12,20,57.8,62.9,-5.03,,-10.87,,-16.05,-5.68,-21.73,72.51,104.39,-31.89,2026-07-04
341,Southeastern Louisiana,Southland,,,5,24,59.2,74.3,-15.10,,-4.19,,-10.51,-11.32,-21.83,80.09,110.60,-30.51,2026-07-04
342,Stonehill,NEC,,,12,18,59.8,64.9,-5.07,,-15.33,,-13.21,-8.91,-22.12,76.30,107.55,-31.25,2026-07-04
343,Texas Southern,SWAC,,,10,21,66.2,71.8,-5.55,,-9.70,,-7.49,-15.14,-22.62,76.75,106.54,-29.79,2026-07-04
344,Saint Peter's,MAAC,,,7,23,51.2,62.5,-11.23,,-9.39,,-18.38,-4.42,-22.80,70.66,104.48,-33.81,2026-07-04
345,Florida A&M,SWAC,,,9,22,59.0,69.7,-10.74,,-11.54,,-11.26,-11.58,-22.84,75.77,106.12,-30.36,2026-07-04
346,Morgan State,MEAC,,,5,26,54.7,71.6,-16.90,,-4.17,,-12.67,-10.36,-23.03,75.17,108.24,-33.06,2026-07-04
347,Western Carolina,Southern,,,3,26,56.0,66.5,-10.45,,-6.43,,-15.08,-7.96,-23.04,71.40,105.03,-33.62,2026-07-04
348,Massachusetts-Lowell,AmEast,,,8,21,55.4,66.4,-11.00,,-6.71,,-14.29,-9.07,-23.36,75.72,111.13,-35.41,2026-07-04
349,New Haven,NEC,,,7,22,58.4,61.2,-2.76,,-16.69,,-17.01,-6.54,-23.54,72.45,106.77,-34.32,2026-07-04
350,Bethune-Cookman,SWAC,,,7,26,55.8,67.1,-11.27,,-10.94,,-16.06,-8.08,-24.14,71.97,104.85,-32.88,2026-07-04
351,Chicago State,NEC,,,9,23,62.3,74.8,-12.47,,-11.69,,-8.32,-15.84,-24.16,75.54,108.46,-32.92,2026-07-04
352,New Orleans,Southland,,,3,27,61.4,81.0,-19.63,,-5.06,,-6.46,-18.64,-25.10,75.20,107.49,-32.29,2026-07-04
353,Omaha,Summit,,,6,27,54.1,76.0,-21.91,,-0.45,,-14.97,-10.41,-25.38,72.37,108.41,-36.04,2026-07-04
354,Le Moyne,NEC,,,12,21,56.2,69.1,-12.91,,-12.28,,-14.46,-11.51,-25.96,74.94,112.61,-37.67,2026-07-04
355,Saint Francis (PA),NEC,,,3,27,56.8,70.3,-13.53,,-14.76,,-14.38,-14.32,-28.69,69.96,110.53,-40.57,2026-07-04
356,Valparaiso,MVC,,,0,32,55.6,81.5,-25.94,,-3.01,,-13.54,-15.41,-28.95,68.03,105.32,-37.29,2026-07-04
357,Mississippi Valley State,SWAC,,,8,23,59.5,77.9,-18.45,,-11.17,,-10.60,-19.02,-29.62,70.40,108.20,-37.81,2026-07-04
358,South Carolina State,MEAC,,,5,25,53.9,70.4,-16.50,,-9.23,,-18.76,-12.93,-31.69,65.23,108.19,-42.96,2026-07-04
359,Central Connecticut State,NEC,,,2,27,53.8,72.1,-18.31,,-14.09,,-17.37,-15.03,-32.40,66.27,112.15,-45.88,2026-07-04
360,Niagara,MAAC,,,1,28,51.4,77.2,-25.72,,-7.65,,-16.44,-16.94,-33.38,64.45,108.43,-43.98,2026-07-04
361,Prairie View A&M,SWAC,,,2,28,54.5,75.0,-20.53,,-10.66,,-16.44,-16.93,-33.38,65.28,108.20,-42.92,2026-07-04
362,Presbyterian,Big South,,,3,27,53.8,72.9,-19.10,,-10.40,,-19.30,-15.28,-34.58,65.12,113.61,-48.49,2026-07-04
363,Bellarmine,A-Sun,,,2,30,48.7,81.6,-32.91,,-1.22,,-17.96,-18.06,-36.03,66.19,116.46,-50.27,2026-07-04
