team,conference,net_rank,PrevNET,AvgOppNETRank,AvgOppNET,DivIWL,ConfRecord,Non-ConfRecord,RoadWL,NETSOS,NetNonConfSOS,WABRk,WAB,NCWABRk,NCWAB,Last10Games,Q1,Q2,Q3,Q4,run_date,DivI_wins,DivI_losses,DivI_winpct,Q1_wins,Q1_losses,Q1_winpct,Q2_wins,Q2_losses,Q2_winpct,Q3_wins,Q3_losses,Q3_winpct,Q4_wins,Q4_losses,Q4_winpct,Conf_wins,Conf_losses,Conf_winpct,Road_wins,Road_losses,Road_winpct,Last10_wins,Last10_losses,Last10_winpct
UConn,Big East,1,1,14,91,31-0,20-0,11-0,12-0,53,1,4,11.04,1,6.73,10-0,8-0,5-0,5-0,13-0,2026-03-04,31,0,1.0,8,0,1.0,5,0,1.0,5,0,1.0,13,0,1.0,20,0,1.0,12,0,1.0,10,0,1.0
UCLA,Big Ten,2,2,2,71,28-1,18-0,10-1,9-0,1,11,1,15.11,3,4.0,10-0,14-1,3-0,5-0,6-0,2026-03-04,28,1,0.966,14,1,0.933,3,0,1.0,5,0,1.0,6,0,1.0,18,0,1.0,9,0,1.0,10,0,1.0
South Carolina,SEC,3,3,12,89,29-2,15-1,14-1,11-1,10,44,2,13.18,4,3.79,10-0,10-2,7-0,3-0,9-0,2026-03-04,29,2,0.935,10,2,0.833,7,0,1.0,3,0,1.0,9,0,1.0,15,1,0.938,11,1,0.917,10,0,1.0
Texas,SEC,4,4,17,94,28-3,13-3,15-0,7-3,7,36,3,12.76,2,5.21,9-1,11-3,5-0,4-0,8-0,2026-03-04,28,3,0.903,11,3,0.786,5,0,1.0,4,0,1.0,8,0,1.0,13,3,0.812,7,3,0.7,9,1,0.9
LSU,SEC,5,5,68,126,26-4,12-4,14-0,10-2,33,277,9,8.42,15,1.71,8-2,7-4,4-0,3-0,12-0,2026-03-04,26,4,0.867,7,4,0.636,4,0,1.0,3,0,1.0,12,0,1.0,12,4,0.75,10,2,0.833,8,2,0.8
Michigan,Big Ten,6,6,8,84,24-5,15-3,9-2,8-2,5,40,6,9.98,18,1.65,8-2,9-5,3-0,4-0,8-0,2026-03-04,24,5,0.828,9,5,0.643,3,0,1.0,4,0,1.0,8,0,1.0,15,3,0.833,8,2,0.8,8,2,0.8
Vanderbilt,SEC,7,7,36,103,27-3,13-3,14-0,7-2,18,139,5,10.52,6,2.89,7-3,8-3,6-0,5-0,8-0,2026-03-04,27,3,0.9,8,3,0.727,6,0,1.0,5,0,1.0,8,0,1.0,13,3,0.812,7,2,0.778,7,3,0.7
Minnesota,Big Ten,8,8,31,99,22-7,13-5,9-2,8-3,25,179,17,5.73,50,-0.08,9-1,6-6,1-1,6-0,9-0,2026-03-04,22,7,0.759,6,6,0.5,1,1,0.5,6,0,1.0,9,0,1.0,13,5,0.722,8,3,0.727,9,1,0.9
Iowa,Big Ten,9,10,1,70,24-5,15-3,9-2,8-3,6,37,7,9.98,14,1.74,7-3,7-5,7-0,3-0,7-0,2026-03-04,24,5,0.828,7,5,0.583,7,0,1.0,3,0,1.0,7,0,1.0,15,3,0.833,8,3,0.727,7,3,0.7
Duke,ACC,10,9,4,77,21-8,16-2,5-6,9-3,9,5,13,6.32,57,-0.27,8-2,7-7,4-1,2-0,8-0,2026-03-04,21,8,0.724,7,7,0.5,4,1,0.8,2,0,1.0,8,0,1.0,16,2,0.889,9,3,0.75,8,2,0.8
TCU,Big 12,11,12,59,120,27-4,15-3,12-1,7-3,56,155,12,6.84,21,1.52,8-2,4-2,7-2,2-0,14-0,2026-03-04,27,4,0.871,4,2,0.667,7,2,0.778,2,0,1.0,14,0,1.0,15,3,0.833,7,3,0.7,8,2,0.8
Oklahoma,SEC,12,13,43,108,23-6,11-5,12-1,6-3,22,129,11,6.87,12,1.77,8-2,6-6,3-0,3-0,11-0,2026-03-04,23,6,0.793,6,6,0.5,3,0,1.0,3,0,1.0,11,0,1.0,11,5,0.688,6,3,0.667,8,2,0.8
Louisville,ACC,13,11,40,106,25-6,15-3,10-3,9-0,31,38,10,7.06,23,1.41,7-3,7-5,5-1,1-0,12-0,2026-03-04,25,6,0.806,7,5,0.583,5,1,0.833,1,0,1.0,12,0,1.0,15,3,0.833,9,0,1.0,7,3,0.7
Maryland,Big Ten,14,15,48,111,23-7,11-7,12-0,6-3,26,212,16,6.07,10,1.86,6-4,6-5,2-2,3-0,12-0,2026-03-04,23,7,0.767,6,5,0.545,2,2,0.5,3,0,1.0,12,0,1.0,11,7,0.611,6,3,0.667,6,4,0.6
Michigan State,Big Ten,15,14,36,103,22-7,11-7,11-0,7-3,15,228,15,6.25,19,1.61,5-5,6-6,4-0,1-1,11-0,2026-03-04,22,7,0.759,6,6,0.5,4,0,1.0,1,1,0.5,11,0,1.0,11,7,0.611,7,3,0.7,5,5,0.5
Kentucky,SEC,16,16,33,101,21-9,8-8,13-1,8-5,14,117,20,4.73,8,2.11,4-6,4-8,2-1,7-0,8-0,2026-03-04,21,9,0.7,4,8,0.333,2,1,0.667,7,0,1.0,8,0,1.0,8,8,0.5,8,5,0.615,4,6,0.4
Ohio State,Big Ten,17,18,27,97,24-6,13-5,11-1,7-3,11,89,8,8.55,9,2.08,6-4,9-6,2-0,2-0,11-0,2026-03-04,24,6,0.8,9,6,0.6,2,0,1.0,2,0,1.0,11,0,1.0,13,5,0.722,7,3,0.7,6,4,0.6
West Virginia,Big 12,18,19,21,95,24-6,14-4,10-2,8-2,44,66,18,5.47,22,1.42,8-2,2-3,8-3,3-0,11-0,2026-03-04,24,6,0.8,2,3,0.4,8,3,0.727,3,0,1.0,11,0,1.0,14,4,0.778,8,2,0.8,8,2,0.8
UNC,ACC,19,17,55,118,25-6,14-4,11-2,8-3,41,63,14,6.26,11,1.81,9-1,4-5,8-1,3-0,10-0,2026-03-04,25,6,0.806,4,5,0.444,8,1,0.889,3,0,1.0,10,0,1.0,14,4,0.778,8,3,0.727,9,1,0.9
Ole Miss,SEC,20,20,40,106,21-10,8-8,13-2,4-6,28,165,28,3.33,31,0.77,4-6,4-7,3-2,3-1,11-0,2026-03-04,21,10,0.677,4,7,0.364,3,2,0.6,3,1,0.75,11,0,1.0,8,8,0.5,4,6,0.4,4,6,0.4
Tennessee,SEC,21,21,4,77,16-12,8-8,8-4,7-6,3,21,30,3.02,37,0.62,2-8,5-10,1-1,2-1,8-0,2026-03-04,16,12,0.571,5,10,0.333,1,1,0.5,2,1,0.667,8,0,1.0,8,8,0.5,7,6,0.538,2,8,0.2
USC,Big Ten,22,22,3,75,17-12,9-9,8-3,3-7,2,22,24,3.76,26,1.23,6-4,4-10,3-1,2-1,8-0,2026-03-04,17,12,0.586,4,10,0.286,3,1,0.75,2,1,0.667,8,0,1.0,9,9,0.5,3,7,0.3,6,4,0.6
NC State,ACC,23,26,6,81,20-9,13-5,7-4,7-4,30,14,27,3.45,34,0.68,7-3,3-8,5-1,4-0,8-0,2026-03-04,20,9,0.69,3,8,0.273,5,1,0.833,4,0,1.0,8,0,1.0,13,5,0.722,7,4,0.636,7,3,0.7
Notre Dame,ACC,24,24,34,102,20-9,12-6,8-3,6-6,23,19,23,3.81,25,1.27,7-3,5-6,3-3,3-0,9-0,2026-03-04,20,9,0.69,5,6,0.455,3,3,0.5,3,0,1.0,9,0,1.0,12,6,0.667,6,6,0.5,7,3,0.7
Nebraska,Big Ten,25,25,12,89,18-11,7-11,11-0,2-7,17,238,35,2.12,20,1.56,4-6,1-10,4-0,2-1,11-0,2026-03-04,18,11,0.621,1,10,0.091,4,0,1.0,2,1,0.667,11,0,1.0,7,11,0.389,2,7,0.222,4,6,0.4
Oregon,Big Ten,26,23,14,91,20-11,8-10,12-1,6-5,32,274,36,2.02,39,0.61,6-4,3-7,2-3,3-1,12-0,2026-03-04,20,11,0.645,3,7,0.3,2,3,0.4,3,1,0.75,12,0,1.0,8,10,0.444,6,5,0.545,6,4,0.6
Washington,Big Ten,27,28,17,94,20-9,10-8,10-1,7-5,19,225,22,4.07,38,0.62,5-5,4-7,3-2,2-0,11-0,2026-03-04,20,9,0.69,4,7,0.364,3,2,0.6,2,0,1.0,11,0,1.0,10,8,0.556,7,5,0.583,5,5,0.5
Alabama,SEC,28,29,25,96,21-9,7-9,14-0,3-5,24,203,21,4.19,7,2.22,4-6,4-7,4-1,2-1,11-0,2026-03-04,21,9,0.7,4,7,0.364,4,1,0.8,2,1,0.667,11,0,1.0,7,9,0.438,3,5,0.375,4,6,0.4
Oklahoma State,Big 12,29,27,58,119,22-8,12-6,10-2,5-6,58,207,32,2.39,52,-0.12,7-3,1-3,7-4,4-1,10-0,2026-03-04,22,8,0.733,1,3,0.25,7,4,0.636,4,1,0.8,10,0,1.0,12,6,0.667,5,6,0.455,7,3,0.7
Baylor,Big 12,30,30,36,103,24-7,13-5,11-2,7-3,40,67,19,5.3,16,1.7,6-4,3-6,5-1,6-0,10-0,2026-03-04,24,7,0.774,3,6,0.333,5,1,0.833,6,0,1.0,10,0,1.0,13,5,0.722,7,3,0.7,6,4,0.6
Texas Tech,Big 12,31,31,45,109,25-6,12-6,13-0,7-4,69,300,26,3.53,24,1.31,6-4,3-1,5-4,3-1,14-0,2026-03-04,25,6,0.806,3,1,0.75,5,4,0.556,3,1,0.75,14,0,1.0,12,6,0.667,7,4,0.636,6,4,0.6
Illinois,Big Ten,32,32,40,106,19-10,9-9,10-1,6-6,34,298,37,1.99,47,0.11,4-6,2-9,2-0,5-1,10-0,2026-03-04,19,10,0.655,2,9,0.182,2,0,1.0,5,1,0.833,10,0,1.0,9,9,0.5,6,6,0.5,4,6,0.4
Iowa State,Big 12,33,33,61,122,22-8,10-8,12-0,5-5,63,226,38,1.95,13,1.77,7-3,2-3,5-4,2-1,13-0,2026-03-04,22,8,0.733,2,3,0.4,5,4,0.556,2,1,0.667,13,0,1.0,10,8,0.556,5,5,0.5,7,3,0.7
Georgia,SEC,34,35,70,127,22-8,8-8,14-0,6-4,42,334,25,3.71,28,1.03,5-5,3-7,2-1,6-0,11-0,2026-03-04,22,8,0.733,3,7,0.3,2,1,0.667,6,0,1.0,11,0,1.0,8,8,0.5,6,4,0.6,5,5,0.5
Villanova,Big East,35,34,50,112,23-6,16-4,7-2,10-3,75,59,39,1.58,36,0.65,8-2,1-2,2-3,5-1,15-0,2026-03-04,23,6,0.793,1,2,0.333,2,3,0.4,5,1,0.833,15,0,1.0,16,4,0.8,10,3,0.769,8,2,0.8
Virginia,ACC,36,36,68,126,19-10,11-7,8-3,6-4,54,187,49,0.22,85,-1.12,5-5,3-6,2-3,3-0,11-1,2026-03-04,19,10,0.655,3,6,0.333,2,3,0.4,3,0,1.0,11,1,0.917,11,7,0.611,6,4,0.6,5,5,0.5
Richmond,Atlantic 10,37,37,88,147,25-6,15-3,10-3,9-4,91,82,47,0.32,42,0.42,8-2,0-2,3-3,5-0,17-1,2026-03-04,25,6,0.806,0,2,0.0,3,3,0.5,5,0,1.0,17,1,0.944,15,3,0.833,9,4,0.692,8,2,0.8
Princeton,Ivy League,38,39,78,137,23-3,11-2,12-1,11-2,80,43,29,3.04,5,3.16,8-2,1-1,4-1,7-1,11-0,2026-03-04,23,3,0.885,1,1,0.5,4,1,0.8,7,1,0.875,11,0,1.0,11,2,0.846,11,2,0.846,8,2,0.8
Mississippi State,SEC,39,41,55,118,18-12,5-11,13-1,3-7,37,308,52,0.11,43,0.31,3-7,2-9,1-2,3-1,12-0,2026-03-04,18,12,0.6,2,9,0.182,1,2,0.333,3,1,0.75,12,0,1.0,5,11,0.312,3,7,0.3,3,7,0.3
Syracuse,ACC,40,40,73,133,22-7,12-6,10-1,6-3,64,219,31,2.4,35,0.65,6-4,1-6,5-1,3-0,13-0,2026-03-04,22,7,0.759,1,6,0.143,5,1,0.833,3,0,1.0,13,0,1.0,12,6,0.667,6,3,0.667,6,4,0.6
Virginia Tech,ACC,41,42,70,127,22-8,12-6,10-2,7-3,59,242,34,2.23,61,-0.32,7-3,3-5,4-2,4-1,11-0,2026-03-04,22,8,0.733,3,5,0.375,4,2,0.667,4,1,0.8,11,0,1.0,12,6,0.667,7,3,0.7,7,3,0.7
Stanford,ACC,42,44,46,110,19-12,8-10,11-2,6-5,49,101,56,-0.52,27,1.19,4-6,2-6,4-5,3-0,10-1,2026-03-04,19,12,0.613,2,6,0.25,4,5,0.444,3,0,1.0,10,1,0.909,8,10,0.444,6,5,0.545,4,6,0.4
South Dakota St.,Summit League,43,43,132,171,24-6,14-2,10-4,10-2,88,31,46,0.39,29,0.97,9-1,1-3,2-2,5-1,16-0,2026-03-04,24,6,0.8,1,3,0.25,2,2,0.5,5,1,0.833,16,0,1.0,14,2,0.875,10,2,0.833,9,1,0.9
Clemson,ACC,44,38,81,140,20-10,11-7,9-3,7-8,48,109,40,1.35,56,-0.22,7-3,3-9,2-1,1-0,14-0,2026-03-04,20,10,0.667,3,9,0.25,2,1,0.667,1,0,1.0,14,0,1.0,11,7,0.611,7,8,0.467,7,3,0.7
North Dakota St.,Summit League,45,45,249,208,24-3,15-1,9-2,12-0,212,222,50,0.16,62,-0.37,9-1,1-1,0-1,4-1,19-0,2026-03-04,24,3,0.889,1,1,0.5,0,1,0.0,4,1,0.8,19,0,1.0,15,1,0.938,12,0,1.0,9,1,0.9
Colorado,Big 12,46,46,27,97,20-10,11-7,9-3,4-6,55,180,42,0.5,79,-0.91,7-3,1-4,5-4,3-1,11-1,2026-03-04,20,10,0.667,1,4,0.2,5,4,0.556,3,1,0.75,11,1,0.917,11,7,0.611,4,6,0.4,7,3,0.7
Rhode Island,Atlantic 10,47,47,120,166,24-4,16-2,8-2,11-3,124,183,43,0.48,58,-0.28,8-2,1-1,2-1,3-0,18-2,2026-03-04,24,4,0.857,1,1,0.5,2,1,0.667,3,0,1.0,18,2,0.9,16,2,0.889,11,3,0.786,8,2,0.8
James Madison,Sun Belt,48,48,83,145,23-8,14-4,9-4,7-5,100,62,72,-2.29,54,-0.19,9-1,0-2,1-2,4-3,18-1,2026-03-04,23,8,0.742,0,2,0.0,1,2,0.333,4,3,0.571,18,1,0.947,14,4,0.778,7,5,0.583,9,1,0.9
Kansas,Big 12,49,50,27,97,17-12,8-10,9-2,5-6,43,148,58,-0.84,45,0.22,6-4,1-7,2-4,5-0,9-1,2026-03-04,17,12,0.586,1,7,0.125,2,4,0.333,5,0,1.0,9,1,0.9,8,10,0.444,5,6,0.455,6,4,0.6
Florida,SEC,50,49,52,114,17-14,5-11,12-3,2-9,45,307,68,-2.19,105,-1.59,4-6,2-9,0-1,3-3,12-1,2026-03-04,17,14,0.548,2,9,0.182,0,1,0.0,3,3,0.5,12,1,0.923,5,11,0.312,2,9,0.182,4,6,0.4
Fairfield,MAAC,51,51,312,232,25-4,19-1,6-3,12-2,142,15,48,0.29,33,0.69,9-1,2-2,1-0,1-1,21-1,2026-03-04,25,4,0.862,2,2,0.5,1,0,1.0,1,1,0.5,21,1,0.955,19,1,0.95,12,2,0.857,9,1,0.9
Arizona State,Big 12,52,52,46,110,22-9,9-9,13-0,7-7,67,265,41,0.74,17,1.68,5-5,0-5,7-1,3-3,12-0,2026-03-04,22,9,0.71,0,5,0.0,7,1,0.875,3,3,0.5,12,0,1.0,9,9,0.5,7,7,0.5,5,5,0.5
California,ACC,53,57,43,108,18-13,9-9,9-4,4-6,51,127,60,-1.69,90,-1.22,6-4,1-8,3-3,2-2,12-0,2026-03-04,18,13,0.581,1,8,0.111,3,3,0.5,2,2,0.5,12,0,1.0,9,9,0.5,4,6,0.4,6,4,0.6
Indiana,Big Ten,54,54,21,95,17-13,6-12,11-1,4-7,29,258,54,-0.1,40,0.6,6-4,0-11,2-2,3-0,12-0,2026-03-04,17,13,0.567,0,11,0.0,2,2,0.5,3,0,1.0,12,0,1.0,6,12,0.333,4,7,0.364,6,4,0.6
Utah,Big 12,55,55,27,97,18-11,10-8,8-3,9-3,46,90,53,0.02,53,-0.18,5-5,2-2,4-8,1-1,11-0,2026-03-04,18,11,0.621,2,2,0.5,4,8,0.333,1,1,0.5,11,0,1.0,10,8,0.556,9,3,0.75,5,5,0.5
Columbia,Ivy League,56,56,105,160,20-6,11-2,9-4,11-1,92,97,57,-0.74,72,-0.74,9-1,1-1,4-2,1-2,14-1,2026-03-04,20,6,0.769,1,1,0.5,4,2,0.667,1,2,0.333,14,1,0.933,11,2,0.846,11,1,0.917,9,1,0.9
BYU,Big 12,57,58,52,114,20-10,9-9,11-1,6-5,57,208,45,0.42,30,0.88,5-5,0-4,8-4,1-1,11-1,2026-03-04,20,10,0.667,0,4,0.0,8,4,0.667,1,1,0.5,11,1,0.917,9,9,0.5,6,5,0.545,5,5,0.5
Miami (FL),ACC,58,53,51,113,16-13,8-10,8-3,4-5,47,81,65,-2.0,51,-0.1,5-5,1-9,2-3,2-1,11-0,2026-03-04,16,13,0.552,1,9,0.1,2,3,0.4,2,1,0.667,11,0,1.0,8,10,0.444,4,5,0.444,5,5,0.5
Rice,American,59,59,125,168,26-3,16-0,10-3,10-2,205,245,44,0.46,89,-1.21,10-0,0-2,1-0,3-0,22-1,2026-03-04,26,3,0.897,0,2,0.0,1,0,1.0,3,0,1.0,22,1,0.957,16,0,1.0,10,2,0.833,10,0,1.0
Kansas St.,Big 12,60,60,10,85,15-16,8-10,7-6,6-6,39,54,89,-3.68,123,-2.07,4-6,2-5,3-6,3-4,7-1,2026-03-04,15,16,0.484,2,5,0.286,3,6,0.333,3,4,0.429,7,1,0.875,8,10,0.444,6,6,0.5,4,6,0.4
Texas A&M,SEC,61,63,8,84,14-11,7-9,7-2,4-5,4,116,33,2.28,49,0.02,6-4,2-9,5-0,2-1,5-1,2026-03-04,14,11,0.56,2,9,0.182,5,0,1.0,2,1,0.667,5,1,0.833,7,9,0.438,4,5,0.444,6,4,0.6
George Mason,Atlantic 10,62,61,85,146,21-8,16-2,5-6,9-3,87,53,62,-1.78,155,-2.65,8-2,0-3,3-2,2-1,16-2,2026-03-04,21,8,0.724,0,3,0.0,3,2,0.6,2,1,0.667,16,2,0.889,16,2,0.889,9,3,0.75,8,2,0.8
Seton Hall,Big East,63,62,63,123,18-11,12-8,6-3,8-6,73,103,81,-3.24,78,-0.87,4-6,0-5,1-1,4-2,13-3,2026-03-04,18,11,0.621,0,5,0.0,1,1,0.5,4,2,0.667,13,3,0.812,12,8,0.6,8,6,0.571,4,6,0.4
Gonzaga,WCC,64,64,85,146,22-9,14-4,8-5,9-4,127,98,94,-4.13,111,-1.74,8-2,1-0,0-5,3-4,18-0,2026-03-04,22,9,0.71,1,0,1.0,0,5,0.0,3,4,0.429,18,0,1.0,14,4,0.778,9,4,0.692,8,2,0.8
Harvard,Ivy League,65,66,109,161,16-10,9-4,7-6,6-5,93,95,104,-4.81,160,-2.74,7-3,0-3,0-2,2-4,14-1,2026-03-04,16,10,0.615,0,3,0.0,0,2,0.0,2,4,0.333,14,1,0.933,9,4,0.692,6,5,0.545,7,3,0.7
Marquette,Big East,66,65,65,124,17-11,12-8,5-3,7-5,71,76,80,-3.16,77,-0.83,6-4,0-5,1-2,3-2,13-2,2026-03-04,17,11,0.607,0,5,0.0,1,2,0.333,3,2,0.6,13,2,0.867,12,8,0.6,7,5,0.583,6,4,0.6
Ball St.,MAC,67,67,166,181,23-6,15-2,8-4,10-4,175,120,69,-2.2,93,-1.37,9-1,0-2,0-2,3-1,20-1,2026-03-04,23,6,0.793,0,2,0.0,0,2,0.0,3,1,0.75,20,1,0.952,15,2,0.882,10,4,0.714,9,1,0.9
San Diego St.,Mountain West,68,68,138,174,23-4,18-1,5-3,9-1,173,104,55,-0.43,82,-1.11,9-1,0-1,2-0,3-2,18-1,2026-03-04,23,4,0.852,0,1,0.0,2,0,1.0,3,2,0.6,18,1,0.947,18,1,0.947,9,1,0.9,9,1,0.9
Montana St.,Big Sky,69,70,133,173,20-6,15-2,5-4,9-5,143,42,66,-2.16,83,-1.11,9-1,0-2,1-1,1-3,18-0,2026-03-04,20,6,0.769,0,2,0.0,1,1,0.5,1,3,0.25,18,0,1.0,15,2,0.882,9,5,0.643,9,1,0.9
Ga. Southern,Sun Belt,70,69,101,158,22-6,16-2,6-4,9-5,138,174,61,-1.78,127,-2.21,9-1,0-1,2-2,2-2,18-1,2026-03-04,22,6,0.786,0,1,0.0,2,2,0.5,2,2,0.5,18,1,0.947,16,2,0.889,9,5,0.643,9,1,0.9
Purdue,Big Ten,71,71,21,95,13-16,5-13,8-3,2-10,21,241,77,-3.01,99,-1.46,3-7,0-10,2-3,2-1,9-2,2026-03-04,13,16,0.448,0,10,0.0,2,3,0.4,2,1,0.667,9,2,0.818,5,13,0.278,2,10,0.167,3,7,0.3
Davidson,Atlantic 10,72,72,98,157,20-11,12-6,8-5,7-6,96,105,107,-5.04,119,-1.94,6-4,0-4,0-3,2-2,18-2,2026-03-04,20,11,0.645,0,4,0.0,0,3,0.0,2,2,0.5,18,2,0.9,12,6,0.667,7,6,0.538,6,4,0.6
Colorado St.,Mountain West,73,75,142,176,22-7,14-5,8-2,9-3,199,189,85,-3.48,60,-0.29,7-3,0-0,1-3,2-3,19-1,2026-03-04,22,7,0.759,0,0,,1,3,0.25,2,3,0.4,19,1,0.95,14,5,0.737,9,3,0.75,7,3,0.7
South Fla.,American,74,74,75,134,18-11,11-5,7-6,4-5,70,8,76,-2.61,41,0.56,6-4,1-5,1-2,1-2,15-2,2026-03-04,18,11,0.621,1,5,0.167,1,2,0.333,1,2,0.333,15,2,0.882,11,5,0.688,4,5,0.444,6,4,0.6
Miami (OH),MAC,75,73,171,184,22-5,15-1,7-4,10-4,223,223,63,-1.93,136,-2.37,9-1,0-0,1-2,3-1,18-2,2026-03-04,22,5,0.815,0,0,,1,2,0.333,3,1,0.75,18,2,0.9,15,1,0.938,10,4,0.714,9,1,0.9
Georgia Tech,ACC,76,83,34,102,13-17,8-10,5-7,3-9,38,68,109,-5.05,216,-3.63,5-5,1-9,2-5,2-2,8-1,2026-03-04,13,17,0.433,1,9,0.1,2,5,0.286,2,2,0.5,8,1,0.889,8,10,0.444,3,9,0.25,5,5,0.5
Santa Clara,WCC,77,77,113,164,21-8,13-5,8-3,11-4,177,133,96,-4.21,70,-0.69,7-3,0-1,1-1,5-3,15-3,2026-03-04,21,8,0.724,0,1,0.0,1,1,0.5,5,3,0.625,15,3,0.833,13,5,0.722,11,4,0.733,7,3,0.7
Troy,Sun Belt,78,76,133,173,23-6,15-3,8-3,9-5,174,132,67,-2.18,69,-0.69,8-2,0-1,0-2,5-1,18-2,2026-03-04,23,6,0.793,0,1,0.0,0,2,0.0,5,1,0.833,18,2,0.9,15,3,0.833,9,5,0.643,8,2,0.8
Quinnipiac,MAAC,79,78,350,258,24-5,19-1,5-4,14-1,347,347,86,-3.52,212,-3.56,9-1,0-0,1-1,0-0,23-4,2026-03-04,24,5,0.828,0,0,,1,1,0.5,0,0,,23,4,0.852,19,1,0.95,14,1,0.933,9,1,0.9
UC Irvine,Big West,80,82,289,224,24-5,15-3,9-2,8-4,354,351,90,-3.72,101,-1.52,7-3,0-0,0-0,1-2,23-3,2026-03-04,24,5,0.828,0,0,,0,0,,1,2,0.333,23,3,0.885,15,3,0.833,8,4,0.667,7,3,0.7
Louisiana Tech,CUSA,81,81,181,186,20-5,12-1,8-4,9-3,200,136,64,-1.98,100,-1.49,10-0,0-2,0-0,1-1,19-2,2026-03-04,20,5,0.8,0,2,0.0,0,0,,1,1,0.5,19,2,0.905,12,1,0.923,9,3,0.75,10,0,1.0
Vermont,America East,82,84,240,204,22-7,13-3,9-4,12-4,280,248,100,-4.52,128,-2.24,8-2,0-1,0-0,1-1,21-5,2026-03-04,22,7,0.759,0,1,0.0,0,0,,1,1,0.5,21,5,0.808,13,3,0.812,12,4,0.75,8,2,0.8
Missouri,SEC,83,88,25,96,16-15,4-12,12-3,4-6,35,221,71,-2.27,75,-0.77,3-7,1-8,1-5,3-2,11-0,2026-03-04,16,15,0.516,1,8,0.111,1,5,0.167,3,2,0.6,11,0,1.0,4,12,0.25,4,6,0.4,3,7,0.3
Oregon St.,WCC,84,86,93,151,19-10,13-5,6-5,6-4,94,32,98,-4.35,84,-1.12,6-4,0-2,1-3,3-4,15-1,2026-03-04,19,10,0.655,0,2,0.0,1,3,0.25,3,4,0.429,15,1,0.938,13,5,0.722,6,4,0.6,6,4,0.6
Wisconsin,Big Ten,85,80,21,95,13-16,5-13,8-3,2-9,12,182,70,-2.22,81,-1.1,1-9,2-10,1-4,0-1,10-1,2026-03-04,13,16,0.448,2,10,0.167,1,4,0.2,0,1,0.0,10,1,0.909,5,13,0.278,2,9,0.182,1,9,0.1
Saint Joseph's,Atlantic 10,86,87,89,148,17-10,10-8,7-2,8-5,101,151,108,-5.04,55,-0.19,6-4,0-1,1-5,2-1,14-3,2026-03-04,17,10,0.63,0,1,0.0,1,5,0.167,2,1,0.667,14,3,0.824,10,8,0.556,8,5,0.615,6,4,0.6
Arkansas St.,Sun Belt,87,89,133,173,22-8,14-4,8-4,9-6,233,301,103,-4.8,167,-2.8,6-4,0-0,1-2,1-5,20-1,2026-03-04,22,8,0.733,0,0,,1,2,0.333,1,5,0.167,20,1,0.952,14,4,0.778,9,6,0.6,6,4,0.6
Murray St.,MVC,88,90,193,189,25-3,17-1,8-2,10-3,224,128,51,0.13,46,0.14,10-0,0-2,1-0,2-1,22-0,2026-03-04,25,3,0.893,0,2,0.0,1,0,1.0,2,1,0.667,22,0,1.0,17,1,0.944,10,3,0.769,10,0,1.0
Auburn,SEC,89,79,39,104,14-16,3-13,11-3,3-8,20,171,75,-2.54,64,-0.46,1-9,0-10,3-5,1-1,10-0,2026-03-04,14,16,0.467,0,10,0.0,3,5,0.375,1,1,0.5,10,0,1.0,3,13,0.188,3,8,0.273,1,9,0.1
Lindenwood,OVC,90,91,237,203,22-7,16-4,6-3,11-4,218,78,88,-3.65,66,-0.59,9-1,0-2,0-0,3-1,19-4,2026-03-04,22,7,0.759,0,2,0.0,0,0,,3,1,0.75,19,4,0.826,16,4,0.8,11,4,0.733,9,1,0.9
McNeese,Southland,91,93,319,235,24-4,20-1,4-3,13-2,240,35,59,-1.13,65,-0.55,10-0,0-2,0-1,1-0,23-1,2026-03-04,24,4,0.857,0,2,0.0,0,1,0.0,1,0,1.0,23,1,0.958,20,1,0.952,13,2,0.867,10,0,1.0
Penn St.,Big Ten,92,92,6,81,11-18,4-14,7-4,3-8,8,60,82,-3.35,74,-0.77,4-6,1-11,1-5,2-1,7-1,2026-03-04,11,18,0.379,1,11,0.083,1,5,0.167,2,1,0.667,7,1,0.875,4,14,0.222,3,8,0.273,4,6,0.4
Western Ill.,OVC,93,95,298,227,21-5,16-4,5-1,9-4,310,185,78,-3.02,48,0.03,8-2,0-1,0-0,2-1,19-3,2026-03-04,21,5,0.808,0,1,0.0,0,0,,2,1,0.667,19,3,0.864,16,4,0.8,9,4,0.692,8,2,0.8
Creighton,Big East,94,94,55,118,15-14,11-9,4-5,6-8,72,121,124,-6.14,182,-3.03,7-3,0-4,1-3,2-4,12-3,2026-03-04,15,14,0.517,0,4,0.0,1,3,0.25,2,4,0.333,12,3,0.8,11,9,0.55,6,8,0.429,7,3,0.7
Georgetown,Big East,95,85,73,133,13-16,6-14,7-2,5-8,77,177,166,-8.52,63,-0.41,2-8,0-4,1-3,2-3,10-6,2026-03-04,13,16,0.448,0,4,0.0,1,3,0.25,2,3,0.4,10,6,0.625,6,14,0.3,5,8,0.385,2,8,0.2
Massachusetts,MAC,96,96,181,186,21-6,13-3,8-3,9-3,257,299,84,-3.38,117,-1.89,8-2,0-0,0-3,3-1,18-2,2026-03-04,21,6,0.778,0,0,,0,3,0.0,3,1,0.75,18,2,0.9,13,3,0.812,9,3,0.75,8,2,0.8
Marshall,Sun Belt,97,97,110,162,21-8,13-5,8-3,9-5,135,194,87,-3.59,88,-1.17,7-3,0-1,1-3,3-2,17-2,2026-03-04,21,8,0.724,0,1,0.0,1,3,0.25,3,2,0.6,17,2,0.895,13,5,0.722,9,5,0.643,7,3,0.7
UNLV,Mountain West,98,98,98,157,19-10,14-5,5-5,8-7,134,87,114,-5.59,139,-2.43,6-4,0-0,0-6,1-3,18-1,2026-03-04,19,10,0.655,0,0,,0,6,0.0,1,3,0.25,18,1,0.947,14,5,0.737,8,7,0.533,6,4,0.6
St. John's (NY),Big East,99,99,82,141,21-10,11-9,10-1,8-6,79,211,73,-2.35,32,0.7,6-4,0-3,5-1,2-3,14-3,2026-03-04,21,10,0.677,0,3,0.0,5,1,0.833,2,3,0.4,14,3,0.824,11,9,0.55,8,6,0.571,6,4,0.6
Idaho,Big Sky,100,102,264,214,23-5,16-1,7-4,10-4,327,336,79,-3.02,188,-3.21,10-0,0-0,0-2,2-0,21-3,2026-03-04,23,5,0.821,0,0,,0,2,0.0,2,0,1.0,21,3,0.875,16,1,0.941,10,4,0.714,10,0,1.0
Green Bay,Horizon,101,101,201,193,21-8,17-3,4-5,9-5,164,34,93,-4.05,115,-1.84,7-3,0-2,0-2,1-1,20-3,2026-03-04,21,8,0.724,0,2,0.0,0,2,0.0,1,1,0.5,20,3,0.87,17,3,0.85,9,5,0.643,7,3,0.7
Belmont,MVC,102,103,98,157,17-11,13-4,4-7,7-5,83,10,101,-4.65,110,-1.73,6-4,0-5,0-1,1-3,16-2,2026-03-04,17,11,0.607,0,5,0.0,0,1,0.0,1,3,0.25,16,2,0.889,13,4,0.765,7,5,0.583,6,4,0.6
North Texas,American,103,104,93,151,15-12,11-6,4-6,6-4,109,85,142,-7.34,202,-3.41,6-4,0-2,0-3,0-3,15-4,2026-03-04,15,12,0.556,0,2,0.0,0,3,0.0,0,3,0.0,15,4,0.789,11,6,0.647,6,4,0.6,6,4,0.6
Arkansas,SEC,104,110,48,111,12-19,1-15,11-4,1-10,36,286,126,-6.42,129,-2.25,1-9,0-10,0-4,3-4,9-1,2026-03-04,12,19,0.387,0,10,0.0,0,4,0.0,3,4,0.429,9,1,0.9,1,15,0.062,1,10,0.091,1,9,0.1
Central Ark.,ASUN,105,106,252,209,18-10,13-5,5-5,9-7,323,280,157,-8.0,218,-3.79,9-1,0-0,0-0,2-4,16-6,2026-03-04,18,10,0.643,0,0,,0,0,,2,4,0.333,16,6,0.727,13,5,0.722,9,7,0.562,9,1,0.9
Col. of Charleston,CAA,106,100,305,229,20-5,14-2,6-3,10-2,335,243,83,-3.38,112,-1.74,8-2,0-0,1-1,1-0,18-4,2026-03-04,20,5,0.8,0,0,,1,1,0.5,1,0,1.0,18,4,0.818,14,2,0.875,10,2,0.833,8,2,0.8
Florida St.,ACC,107,107,17,94,10-20,5-13,5-7,3-8,27,26,138,-7.04,148,-2.55,3-7,0-9,0-9,3-1,7-1,2026-03-04,10,20,0.333,0,9,0.0,0,9,0.0,3,1,0.75,7,1,0.875,5,13,0.278,3,8,0.273,3,7,0.3
Cincinnati,Big 12,108,105,17,94,10-19,6-12,4-7,2-10,50,249,162,-8.29,281,-5.51,4-6,0-4,3-8,0-3,7-4,2026-03-04,10,19,0.345,0,4,0.0,3,8,0.273,0,3,0.0,7,4,0.636,6,12,0.333,2,10,0.167,4,6,0.4
Abilene Christian,WAC,109,108,220,198,18-8,12-4,6-4,7-4,312,271,122,-6.05,162,-2.75,7-3,0-1,0-0,1-0,17-7,2026-03-04,18,8,0.692,0,1,0.0,0,0,,1,0,1.0,17,7,0.708,12,4,0.75,7,4,0.636,7,3,0.7
Eastern Ky.,ASUN,110,109,292,225,22-7,15-3,7-4,10-4,314,275,105,-4.84,154,-2.64,7-3,0-1,0-0,1-1,21-5,2026-03-04,22,7,0.759,0,1,0.0,0,0,,1,1,0.5,21,5,0.808,15,3,0.833,10,4,0.714,7,3,0.7
Boise St.,Mountain West,111,111,195,190,22-7,14-5,8-2,6-5,253,254,95,-4.16,68,-0.66,8-2,0-0,0-3,1-2,21-2,2026-03-04,22,7,0.759,0,0,,0,3,0.0,1,2,0.333,21,2,0.913,14,5,0.737,6,5,0.545,8,2,0.8
LMU (CA),WCC,112,112,187,188,20-8,15-3,5-5,8-5,293,352,116,-5.68,246,-4.57,9-1,0-0,0-1,5-0,15-7,2026-03-04,20,8,0.714,0,0,,0,1,0.0,5,0,1.0,15,7,0.682,15,3,0.833,8,5,0.615,9,1,0.9
Idaho St.,Big Sky,113,115,196,191,18-9,12-5,6-4,10-4,262,276,127,-6.49,166,-2.78,7-3,0-0,0-2,2-1,16-6,2026-03-04,18,9,0.667,0,0,,0,2,0.0,2,1,0.667,16,6,0.727,12,5,0.706,10,4,0.714,7,3,0.7
South Dakota,Summit League,114,114,275,219,19-8,12-4,7-4,9-5,202,324,102,-4.75,183,-3.04,7-3,0-2,2-1,1-1,16-4,2026-03-04,19,8,0.704,0,2,0.0,2,1,0.667,1,1,0.5,16,4,0.8,12,4,0.75,9,5,0.643,7,3,0.7
Army West Point,Patriot,115,113,320,236,21-6,13-4,8-2,10-4,330,270,97,-4.22,73,-0.75,7-3,0-1,0-0,0-2,21-3,2026-03-04,21,6,0.778,0,1,0.0,0,0,,0,2,0.0,21,3,0.875,13,4,0.765,10,4,0.714,7,3,0.7
New Mexico,Mountain West,116,116,201,193,21-9,13-6,8-3,9-4,215,234,113,-5.52,96,-1.41,8-2,0-0,1-3,1-3,19-3,2026-03-04,21,9,0.7,0,0,,1,3,0.25,1,3,0.25,19,3,0.864,13,6,0.684,9,4,0.692,8,2,0.8
East Carolina,American,117,117,184,187,21-9,13-4,8-5,6-4,308,338,131,-6.66,234,-4.11,7-3,0-0,0-1,1-2,20-6,2026-03-04,21,9,0.7,0,0,,0,1,0.0,1,2,0.333,20,6,0.769,13,4,0.765,6,4,0.6,7,3,0.7
Central Mich.,MAC,118,118,155,179,16-11,11-6,5-5,9-7,102,30,123,-6.07,97,-1.44,5-5,0-3,0-2,1-2,15-4,2026-03-04,16,11,0.593,0,3,0.0,0,2,0.0,1,2,0.333,15,4,0.789,11,6,0.647,9,7,0.562,5,5,0.5
Pepperdine,WCC,119,119,142,176,17-11,10-8,7-3,6-8,194,201,150,-7.56,94,-1.38,8-2,0-1,1-2,2-2,14-6,2026-03-04,17,11,0.607,0,1,0.0,1,2,0.333,2,2,0.5,14,6,0.7,10,8,0.556,6,8,0.429,8,2,0.8
Missouri St.,CUSA,120,121,155,179,18-11,8-2,10-9,6-5,282,289,168,-8.53,322,-6.86,6-4,0-0,0-1,1-3,17-7,2026-03-04,18,11,0.621,0,0,,0,1,0.0,1,3,0.25,17,7,0.708,8,2,0.8,6,5,0.545,6,4,0.6
Wake Forest,ACC,121,120,89,148,14-16,4-14,10-2,3-6,68,360,134,-6.74,107,-1.63,2-8,0-8,0-4,1-1,13-3,2026-03-04,14,16,0.467,0,8,0.0,0,4,0.0,1,1,0.5,13,3,0.812,4,14,0.222,3,6,0.333,2,8,0.2
Arizona,Big 12,122,123,61,122,12-17,3-15,9-2,0-9,65,357,154,-7.74,103,-1.54,2-8,0-5,0-8,3-1,9-3,2026-03-04,12,17,0.414,0,5,0.0,0,8,0.0,3,1,0.75,9,3,0.75,3,15,0.167,0,9,0.0,2,8,0.2
UNI,MVC,123,124,146,177,15-13,11-7,4-6,7-8,126,45,170,-8.59,168,-2.81,5-5,0-2,0-2,2-3,13-6,2026-03-04,15,13,0.536,0,2,0.0,0,2,0.0,2,3,0.4,13,6,0.684,11,7,0.611,7,8,0.467,5,5,0.5
Navy,Patriot,124,122,308,230,19-7,14-2,5-5,9-4,305,215,106,-4.95,204,-3.47,9-1,0-1,1-1,1-0,17-5,2026-03-04,19,7,0.731,0,1,0.0,1,1,0.5,1,0,1.0,17,5,0.773,14,2,0.875,9,4,0.692,9,1,0.9
UC San Diego,Big West,125,125,275,219,19-8,15-3,4-5,11-4,299,272,120,-5.82,222,-3.88,8-2,0-1,1-0,0-1,18-6,2026-03-04,19,8,0.704,0,1,0.0,1,0,1.0,0,1,0.0,18,6,0.75,15,3,0.833,11,4,0.733,8,2,0.8
Penn,Ivy League,126,126,155,179,14-10,6-7,8-3,5-6,107,253,118,-5.75,102,-1.52,6-4,0-2,0-3,1-3,13-2,2026-03-04,14,10,0.583,0,2,0.0,0,3,0.0,1,3,0.25,13,2,0.867,6,7,0.462,5,6,0.455,6,4,0.6
Brown,Ivy League,127,128,199,192,15-9,8-5,7-4,7-7,160,343,115,-5.66,198,-3.37,5-5,0-1,0-3,1-2,14-3,2026-03-04,15,9,0.625,0,1,0.0,0,3,0.0,1,2,0.333,14,3,0.824,8,5,0.615,7,7,0.5,5,5,0.5
Portland,WCC,128,130,103,159,15-13,11-7,4-6,6-8,112,99,161,-8.25,209,-3.52,6-4,0-2,1-1,2-6,12-4,2026-03-04,15,13,0.536,0,2,0.0,1,1,0.5,2,6,0.25,12,4,0.75,11,7,0.611,6,8,0.429,6,4,0.6
FDU,NEC,129,127,362,288,24-4,17-0,7-4,12-3,345,261,74,-2.51,150,-2.56,10-0,0-1,0-1,0-0,24-2,2026-03-04,24,4,0.857,0,1,0.0,0,1,0.0,0,0,,24,2,0.923,17,0,1.0,12,3,0.8,10,0,1.0
Southern Ind.,OVC,130,131,243,206,17-9,14-6,3-3,8-6,268,154,129,-6.66,114,-1.83,6-4,0-1,0-0,0-4,17-4,2026-03-04,17,9,0.654,0,1,0.0,0,0,,0,4,0.0,17,4,0.81,14,6,0.7,8,6,0.571,6,4,0.6
Northwestern,Big Ten,131,132,10,85,8-21,2-16,6-5,1-11,13,250,143,-7.34,208,-3.51,0-10,0-12,0-4,1-3,7-2,2026-03-04,8,21,0.276,0,12,0.0,0,4,0.0,1,3,0.25,7,2,0.778,2,16,0.111,1,11,0.083,0,10,0.0
Temple,American,132,129,79,139,13-15,7-9,6-6,4-8,85,28,174,-8.75,108,-1.65,5-5,0-5,0-1,2-2,11-7,2026-03-04,13,15,0.464,0,5,0.0,0,1,0.0,2,2,0.5,11,7,0.611,7,9,0.438,4,8,0.333,5,5,0.5
Grand Canyon,Mountain West,133,133,83,145,12-17,11-8,1-9,5-8,99,46,224,-11.64,293,-5.83,6-4,0-2,0-4,3-3,9-8,2026-03-04,12,17,0.414,0,2,0.0,0,4,0.0,3,3,0.5,9,8,0.529,11,8,0.579,5,8,0.385,6,4,0.6
Butler,Big East,134,139,72,128,12-18,6-14,6-4,2-9,76,191,202,-10.2,133,-2.3,3-7,0-4,0-4,2-4,10-6,2026-03-04,12,18,0.4,0,4,0.0,0,4,0.0,2,4,0.333,10,6,0.625,6,14,0.3,2,9,0.182,3,7,0.3
Youngstown St.,Horizon,135,134,275,219,20-8,15-5,5-3,11-4,307,206,119,-5.81,113,-1.75,9-1,0-1,0-0,1-1,19-6,2026-03-04,20,8,0.714,0,1,0.0,0,0,,1,1,0.5,19,6,0.76,15,5,0.75,11,4,0.733,9,1,0.9
Coastal Carolina,Sun Belt,136,135,120,166,12-17,7-11,5-6,5-10,106,126,228,-11.86,214,-3.62,4-6,0-2,0-4,0-5,12-6,2026-03-04,12,17,0.414,0,2,0.0,0,4,0.0,0,5,0.0,12,6,0.667,7,11,0.389,5,10,0.333,4,6,0.4
California Baptist,WAC,137,136,215,197,19-10,13-3,6-7,10-5,287,263,151,-7.56,269,-5.3,8-2,0-1,0-1,1-2,18-6,2026-03-04,19,10,0.655,0,1,0.0,0,1,0.0,1,2,0.333,18,6,0.75,13,3,0.812,10,5,0.667,8,2,0.8
UC Santa Barbara,Big West,138,137,271,217,19-8,12-7,7-1,10-4,281,204,117,-5.7,44,0.27,5-5,0-1,0-1,1-0,18-6,2026-03-04,19,8,0.704,0,1,0.0,0,1,0.0,1,0,1.0,18,6,0.75,12,7,0.632,10,4,0.714,5,5,0.5
Hawaii,Big West,139,138,181,186,16-10,12-6,4-4,4-4,292,267,155,-7.84,178,-2.99,9-1,0-0,0-1,1-5,15-4,2026-03-04,16,10,0.615,0,0,,0,1,0.0,1,5,0.167,15,4,0.789,12,6,0.667,4,4,0.5,9,1,0.9
UCF,Big 12,140,142,65,124,11-18,3-15,8-3,2-7,60,339,160,-8.16,132,-2.29,1-9,0-7,2-4,1-3,8-4,2026-03-04,11,18,0.379,0,7,0.0,2,4,0.333,1,3,0.25,8,4,0.667,3,15,0.167,2,7,0.222,1,9,0.1
UTSA,American,141,141,93,151,12-14,8-8,4-6,4-9,115,83,189,-9.61,199,-3.39,4-6,0-2,0-2,0-4,12-6,2026-03-04,12,14,0.462,0,2,0.0,0,2,0.0,0,4,0.0,12,6,0.667,8,8,0.5,4,9,0.308,4,6,0.4
High Point,Big South,142,140,353,264,22-5,13-3,9-2,8-3,360,331,91,-3.98,86,-1.15,7-3,0-0,0-1,1-0,21-4,2026-03-04,22,5,0.815,0,0,,0,1,0.0,1,0,1.0,21,4,0.84,13,3,0.812,8,3,0.727,7,3,0.7
Illinois St.,MVC,143,143,220,198,18-11,12-6,6-5,4-7,201,131,147,-7.5,157,-2.68,8-2,0-2,0-1,0-4,18-4,2026-03-04,18,11,0.621,0,2,0.0,0,1,0.0,0,4,0.0,18,4,0.818,12,6,0.667,4,7,0.364,8,2,0.8
Northern Colo.,Big Sky,144,145,226,200,18-9,12-5,6-4,9-5,275,295,128,-6.61,177,-2.97,7-3,0-0,0-2,1-3,17-4,2026-03-04,18,9,0.667,0,0,,0,2,0.0,1,3,0.25,17,4,0.81,12,5,0.706,9,5,0.643,7,3,0.7
Cleveland St.,Horizon,145,144,302,228,21-8,13-7,8-1,5-7,352,356,130,-6.66,67,-0.62,8-2,0-0,0-0,0-1,21-7,2026-03-04,21,8,0.724,0,0,,0,0,,0,1,0.0,21,7,0.75,13,7,0.65,5,7,0.417,8,2,0.8
Jacksonville,ASUN,146,147,243,206,19-8,13-5,6-3,8-6,180,55,99,-4.51,59,-0.28,9-1,0-2,1-1,0-1,18-4,2026-03-04,19,8,0.704,0,2,0.0,1,1,0.5,0,1,0.0,18,4,0.818,13,5,0.722,8,6,0.571,9,1,0.9
Maine,America East,147,146,164,180,17-12,12-4,5-8,7-8,162,113,158,-8.02,260,-5.03,8-2,0-1,2-2,1-4,14-5,2026-03-04,17,12,0.586,0,1,0.0,2,2,0.5,1,4,0.2,14,5,0.737,12,4,0.75,7,8,0.467,8,2,0.8
Purdue Fort Wayne,Horizon,148,148,240,204,17-12,12-8,5-4,5-8,237,114,176,-8.99,121,-1.96,6-4,0-2,0-0,1-1,16-9,2026-03-04,17,12,0.586,0,2,0.0,0,0,,1,1,0.5,16,9,0.64,12,8,0.6,5,8,0.385,6,4,0.6
Old Dominion,Sun Belt,149,149,97,155,17-13,9-9,8-4,7-5,98,110,145,-7.43,91,-1.22,6-4,0-3,0-3,2-3,15-4,2026-03-04,17,13,0.567,0,3,0.0,0,3,0.0,2,3,0.4,15,4,0.789,9,9,0.5,7,5,0.583,6,4,0.6
Tulsa,American,150,150,171,184,18-10,10-6,8-4,6-6,165,205,125,-6.2,124,-2.11,6-4,0-1,1-2,1-3,16-4,2026-03-04,18,10,0.643,0,1,0.0,1,2,0.333,1,3,0.25,16,4,0.8,10,6,0.625,6,6,0.5,6,4,0.6
Liberty,CUSA,151,152,149,178,14-12,8-6,6-6,6-5,158,91,164,-8.37,174,-2.95,7-3,0-1,1-2,1-2,12-7,2026-03-04,14,12,0.538,0,1,0.0,1,2,0.333,1,2,0.333,12,7,0.632,8,6,0.571,6,5,0.545,7,3,0.7
Providence,Big East,152,151,79,139,14-17,7-13,7-4,2-9,78,237,183,-9.28,140,-2.43,4-6,0-4,0-4,1-4,13-5,2026-03-04,14,17,0.452,0,4,0.0,0,4,0.0,1,4,0.2,13,5,0.722,7,13,0.35,2,9,0.182,4,6,0.4
Drexel,CAA,153,153,298,227,18-8,12-4,6-4,7-5,349,329,133,-6.74,189,-3.22,9-1,0-0,0-0,0-3,18-5,2026-03-04,18,8,0.692,0,0,,0,0,,0,3,0.0,18,5,0.783,12,4,0.75,7,5,0.583,9,1,0.9
Bradley,MVC,154,157,220,198,18-10,12-6,6-4,6-8,236,198,139,-7.09,135,-2.36,7-3,0-1,0-0,0-6,18-3,2026-03-04,18,10,0.643,0,1,0.0,0,0,,0,6,0.0,18,3,0.857,12,6,0.667,6,8,0.429,7,3,0.7
Howard,MEAC,155,154,305,229,22-7,12-1,10-6,10-7,241,173,92,-4.03,186,-3.13,10-0,0-2,1-1,1-1,20-3,2026-03-04,22,7,0.759,0,2,0.0,1,1,0.5,1,1,0.5,20,3,0.87,12,1,0.923,10,7,0.588,10,0,1.0
ULM,Sun Belt,156,156,125,168,13-15,7-11,6-4,4-10,121,111,203,-10.47,109,-1.69,5-5,0-2,0-4,1-3,12-6,2026-03-04,13,15,0.464,0,2,0.0,0,4,0.0,1,3,0.25,12,6,0.667,7,11,0.389,4,10,0.286,5,5,0.5
Holy Cross,Patriot,157,155,254,210,19-9,13-4,6-5,8-6,229,122,121,-5.97,152,-2.59,9-1,0-1,0-2,2-1,17-5,2026-03-04,19,9,0.679,0,1,0.0,0,2,0.0,2,1,0.667,17,5,0.773,13,4,0.765,8,6,0.571,9,1,0.9
UC Davis,Big West,158,158,226,200,19-8,14-4,5-4,9-6,259,197,111,-5.46,144,-2.52,8-2,0-1,0-2,1-1,18-4,2026-03-04,19,8,0.704,0,1,0.0,0,2,0.0,1,1,0.5,18,4,0.818,14,4,0.778,9,6,0.6,8,2,0.8
Kent St.,MAC,159,159,113,164,12-14,8-8,4-6,4-10,111,56,188,-9.57,180,-3.0,6-4,0-2,0-1,0-6,12-5,2026-03-04,12,14,0.462,0,2,0.0,0,1,0.0,0,6,0.0,12,5,0.706,8,8,0.5,4,10,0.286,6,4,0.6
SFA,Southland,160,161,331,244,20-8,16-5,4-3,8-4,358,303,135,-6.83,134,-2.32,8-2,0-0,0-0,0-2,20-6,2026-03-04,20,8,0.714,0,0,,0,0,,0,2,0.0,20,6,0.769,16,5,0.762,8,4,0.667,8,2,0.8
Austin Peay,ASUN,161,160,258,212,14-12,8-10,6-2,11-3,285,214,197,-9.8,76,-0.77,3-7,0-1,0-0,0-3,14-8,2026-03-04,14,12,0.538,0,1,0.0,0,0,,0,3,0.0,14,8,0.636,8,10,0.444,11,3,0.786,3,7,0.3
Toledo,MAC,162,165,187,188,13-13,8-8,5-5,4-9,195,176,198,-9.81,190,-3.23,5-5,0-1,0-3,1-1,12-8,2026-03-04,13,13,0.5,0,1,0.0,0,3,0.0,1,1,0.5,12,8,0.6,8,8,0.5,4,9,0.308,5,5,0.5
Middle Tenn.,CUSA,163,162,184,187,15-13,10-6,5-7,6-8,211,152,195,-9.7,248,-4.64,5-5,0-1,0-2,0-4,15-6,2026-03-04,15,13,0.536,0,1,0.0,0,2,0.0,0,4,0.0,15,6,0.714,10,6,0.625,6,8,0.429,5,5,0.5
Bryant,America East,164,163,302,228,16-11,8-8,8-3,9-6,350,362,194,-9.7,161,-2.74,4-6,0-0,0-0,0-2,16-9,2026-03-04,16,11,0.593,0,0,,0,0,,0,2,0.0,16,9,0.64,8,8,0.5,9,6,0.6,4,6,0.4
La Salle,Atlantic 10,165,166,142,176,16-12,10-8,6-4,9-5,149,231,156,-7.97,147,-2.54,7-3,0-1,1-3,0-3,15-5,2026-03-04,16,12,0.571,0,1,0.0,1,3,0.25,0,3,0.0,15,5,0.75,10,8,0.556,9,5,0.643,7,3,0.7
Rutgers,Big Ten,166,164,31,99,9-20,1-17,8-3,1-10,16,229,136,-6.84,95,-1.39,0-10,0-11,1-4,2-2,6-3,2026-03-04,9,20,0.31,0,11,0.0,1,4,0.2,2,2,0.5,6,3,0.667,1,17,0.056,1,10,0.091,0,10,0.0
Charlotte,American,167,167,96,153,13-16,7-9,6-7,4-8,103,77,207,-10.75,206,-3.48,4-6,0-3,0-3,1-2,12-8,2026-03-04,13,16,0.448,0,3,0.0,0,3,0.0,1,2,0.333,12,8,0.6,7,9,0.438,4,8,0.333,4,6,0.4
George Washington,Atlantic 10,168,168,118,165,14-16,7-11,7-5,3-10,148,311,225,-11.66,223,-3.89,5-5,0-0,1-5,0-3,13-8,2026-03-04,14,16,0.467,0,0,,1,5,0.167,0,3,0.0,13,8,0.619,7,11,0.389,3,10,0.231,5,5,0.5
Sam Houston,CUSA,169,169,168,183,13-11,8-6,5-5,6-7,150,94,149,-7.55,142,-2.49,5-5,0-2,0-1,1-2,12-6,2026-03-04,13,11,0.542,0,2,0.0,0,1,0.0,1,2,0.333,12,6,0.667,8,6,0.571,6,7,0.462,5,5,0.5
Southern Utah,WAC,170,170,215,197,16-9,11-5,5-4,5-8,316,291,140,-7.17,181,-3.03,8-2,0-0,0-1,0-4,16-4,2026-03-04,16,9,0.64,0,0,,0,1,0.0,0,4,0.0,16,4,0.8,11,5,0.688,5,8,0.385,8,2,0.8
Fresno St.,Mountain West,171,171,187,188,13-16,8-11,5-5,4-10,168,172,232,-12.12,187,-3.19,4-6,0-1,0-4,0-4,13-7,2026-03-04,13,16,0.448,0,1,0.0,0,4,0.0,0,4,0.0,13,7,0.65,8,11,0.421,4,10,0.286,4,6,0.4
FGCU,ASUN,172,172,118,165,13-14,11-7,2-7,6-6,123,24,193,-9.68,215,-3.63,6-4,0-1,1-2,1-4,11-7,2026-03-04,13,14,0.481,0,1,0.0,1,2,0.333,1,4,0.2,11,7,0.611,11,7,0.611,6,6,0.5,6,4,0.6
Ohio,MAC,173,173,187,188,14-12,9-7,5-5,6-6,269,314,191,-9.67,232,-4.1,3-7,0-0,0-3,1-1,13-8,2026-03-04,14,12,0.538,0,0,,0,3,0.0,1,1,0.5,13,8,0.619,9,7,0.562,6,6,0.5,3,7,0.3
San Francisco,WCC,174,174,105,160,15-13,9-9,6-4,6-6,185,262,186,-9.45,158,-2.69,4-6,0-0,0-3,1-7,14-3,2026-03-04,15,13,0.536,0,0,,0,3,0.0,1,7,0.125,14,3,0.824,9,9,0.5,6,6,0.5,4,6,0.4
Dayton,Atlantic 10,175,175,142,176,16-13,9-9,7-4,7-6,166,290,180,-9.09,165,-2.77,6-4,0-0,1-5,1-1,14-7,2026-03-04,16,13,0.552,0,0,,1,5,0.167,1,1,0.5,14,7,0.667,9,9,0.5,7,6,0.538,6,4,0.6
Stetson,ASUN,176,177,243,206,17-10,12-6,5-4,7-7,263,188,146,-7.5,141,-2.46,8-2,0-1,0-1,1-0,16-8,2026-03-04,17,10,0.63,0,1,0.0,0,1,0.0,1,0,1.0,16,8,0.667,12,6,0.667,7,7,0.5,8,2,0.8
Saint Mary's (CA),WCC,177,178,131,170,13-16,6-12,7-4,8-7,136,108,221,-11.6,98,-1.45,3-7,0-2,0-3,0-5,13-6,2026-03-04,13,16,0.448,0,2,0.0,0,3,0.0,0,5,0.0,13,6,0.684,6,12,0.333,8,7,0.533,3,7,0.3
NJIT,America East,178,179,275,219,18-11,9-7,9-4,9-5,309,313,175,-8.75,169,-2.81,5-5,0-1,0-0,0-2,18-8,2026-03-04,18,11,0.621,0,1,0.0,0,0,,0,2,0.0,18,8,0.692,9,7,0.562,9,5,0.643,5,5,0.5
Lamar University,Southland,179,181,312,232,18-9,16-5,2-4,7-8,313,138,137,-6.98,164,-2.76,7-3,0-0,0-2,0-1,18-6,2026-03-04,18,9,0.667,0,0,,0,2,0.0,0,1,0.0,18,6,0.75,16,5,0.762,7,8,0.467,7,3,0.7
FIU,CUSA,180,182,206,195,16-10,10-6,6-4,5-6,324,335,159,-8.15,193,-3.27,6-4,0-0,0-1,0-3,16-6,2026-03-04,16,10,0.615,0,0,,0,1,0.0,0,3,0.0,16,6,0.727,10,6,0.625,5,6,0.455,6,4,0.6
Binghamton,America East,181,180,201,193,16-11,10-6,6-5,6-8,183,118,148,-7.51,151,-2.58,5-5,0-2,0-1,2-1,14-7,2026-03-04,16,11,0.593,0,2,0.0,0,1,0.0,2,1,0.667,14,7,0.667,10,6,0.625,6,8,0.429,5,5,0.5
Tulane,American,182,183,110,162,11-17,6-10,5-7,3-7,119,106,235,-12.35,235,-4.19,3-7,0-3,0-2,0-2,11-10,2026-03-04,11,17,0.393,0,3,0.0,0,2,0.0,0,2,0.0,11,10,0.524,6,10,0.375,3,7,0.3,3,7,0.3
Houston,Big 12,183,176,16,93,7-22,1-17,6-5,1-11,52,309,218,-11.44,227,-3.98,1-9,0-6,0-7,0-6,7-3,2026-03-04,7,22,0.241,0,6,0.0,0,7,0.0,0,6,0.0,7,3,0.7,1,17,0.056,1,11,0.083,1,9,0.1
Oral Roberts,Summit League,184,184,164,180,12-14,8-8,4-6,5-10,90,52,167,-8.52,173,-2.94,4-6,0-4,0-3,3-1,9-6,2026-03-04,12,14,0.462,0,4,0.0,0,3,0.0,3,1,0.75,9,6,0.6,8,8,0.5,5,10,0.333,4,6,0.4
Northern Ky.,Horizon,185,185,171,184,15-16,12-8,3-8,7-9,191,86,233,-12.13,265,-5.16,5-5,0-2,0-1,1-1,14-12,2026-03-04,15,16,0.484,0,2,0.0,0,1,0.0,1,1,0.5,14,12,0.538,12,8,0.6,7,9,0.438,5,5,0.5
UAlbany,America East,186,186,249,208,13-15,4-12,9-3,5-10,204,159,223,-11.63,71,-0.71,3-7,0-2,0-1,0-2,13-10,2026-03-04,13,15,0.464,0,2,0.0,0,1,0.0,0,2,0.0,13,10,0.565,4,12,0.25,5,10,0.333,3,7,0.3
Southern Miss.,Sun Belt,187,187,133,173,13-15,8-10,5-5,5-8,155,192,211,-11.01,197,-3.31,4-6,0-2,0-3,1-2,12-8,2026-03-04,13,15,0.464,0,2,0.0,0,3,0.0,1,2,0.333,12,8,0.6,8,10,0.444,5,8,0.385,4,6,0.4
Utah Valley,WAC,188,189,176,185,12-13,7-9,5-4,5-9,301,297,210,-11.0,185,-3.09,5-5,0-0,0-1,1-2,11-10,2026-03-04,12,13,0.48,0,0,,0,1,0.0,1,2,0.333,11,10,0.524,7,9,0.438,5,9,0.357,5,5,0.5
Bowling Green,MAC,189,188,138,174,12-12,8-8,4-4,4-8,156,92,172,-8.59,122,-1.98,6-4,0-1,0-2,0-4,12-5,2026-03-04,12,12,0.5,0,1,0.0,0,2,0.0,0,4,0.0,12,5,0.706,8,8,0.5,4,8,0.333,6,4,0.6
App State,Sun Belt,190,191,101,158,9-18,4-14,5-4,3-11,110,134,250,-13.36,125,-2.11,2-8,0-2,0-4,0-3,9-9,2026-03-04,9,18,0.333,0,2,0.0,0,4,0.0,0,3,0.0,9,9,0.5,4,14,0.222,3,11,0.214,2,8,0.2
UMBC,America East,191,190,233,202,13-13,10-6,3-7,7-7,225,168,200,-10.09,266,-5.18,6-4,1-1,0-0,1-1,11-11,2026-03-04,13,13,0.5,1,1,0.5,0,0,,1,1,0.5,11,11,0.5,10,6,0.625,7,7,0.5,6,4,0.6
Lehigh,Patriot,192,192,248,207,15-12,11-5,4-7,6-8,276,196,190,-9.64,267,-5.18,6-4,0-1,0-1,2-1,13-9,2026-03-04,15,12,0.556,0,1,0.0,0,1,0.0,2,1,0.667,13,9,0.591,11,5,0.688,6,8,0.429,6,4,0.6
Morehead St.,OVC,193,194,206,195,17-13,13-7,4-6,7-9,144,48,171,-8.59,171,-2.87,6-4,0-3,0-0,2-3,15-7,2026-03-04,17,13,0.567,0,3,0.0,0,0,,2,3,0.4,15,7,0.682,13,7,0.65,7,9,0.438,6,4,0.6
South Alabama,Sun Belt,194,195,176,185,12-17,5-13,7-4,3-10,220,312,256,-13.67,179,-2.99,3-7,0-0,0-3,1-4,11-10,2026-03-04,12,17,0.414,0,0,,0,3,0.0,1,4,0.2,11,10,0.524,5,13,0.278,3,10,0.231,3,7,0.3
DePaul,Big East,195,206,67,125,8-23,5-15,3-8,1-13,74,166,270,-14.75,303,-5.97,4-6,0-5,0-3,1-5,7-10,2026-03-04,8,23,0.258,0,5,0.0,0,3,0.0,1,5,0.167,7,10,0.412,5,15,0.25,1,13,0.071,4,6,0.4
Eastern Mich.,MAC,196,196,155,179,11-15,5-11,6-4,4-11,154,164,214,-11.29,126,-2.15,4-6,0-1,0-3,1-4,10-7,2026-03-04,11,15,0.423,0,1,0.0,0,3,0.0,1,4,0.2,10,7,0.588,5,11,0.312,4,11,0.267,4,6,0.4
Monmouth,CAA,197,193,305,229,15-10,11-6,4-4,9-5,329,227,163,-8.31,170,-2.83,5-5,0-1,0-0,0-1,15-8,2026-03-04,15,10,0.6,0,1,0.0,0,0,,0,1,0.0,15,8,0.652,11,6,0.647,9,5,0.643,5,5,0.5
UAB,American,198,197,166,181,10-17,3-13,7-4,2-9,221,268,260,-13.91,153,-2.61,3-7,0-1,0-1,0-4,10-11,2026-03-04,10,17,0.37,0,1,0.0,0,1,0.0,0,4,0.0,10,11,0.476,3,13,0.188,2,9,0.182,3,7,0.3
Xavier,Big East,199,198,76,135,11-18,4-16,7-2,3-9,82,355,217,-11.4,106,-1.62,1-9,0-3,0-3,2-4,9-8,2026-03-04,11,18,0.379,0,3,0.0,0,3,0.0,2,4,0.333,9,8,0.529,4,16,0.2,3,9,0.25,1,9,0.1
Cal St. Fullerton,Big West,200,199,262,213,14-12,12-6,2-6,7-6,342,354,204,-10.52,286,-5.66,7-3,0-0,0-1,0-1,14-10,2026-03-04,14,12,0.538,0,0,,0,1,0.0,0,1,0.0,14,10,0.583,12,6,0.667,7,6,0.538,7,3,0.7
UIC,MVC,201,200,226,200,14-15,9-9,5-6,5-9,284,281,239,-12.54,249,-4.67,5-5,0-0,1-1,0-4,13-10,2026-03-04,14,15,0.483,0,0,,1,1,0.5,0,4,0.0,13,10,0.565,9,9,0.5,5,9,0.357,5,5,0.5
Loyola Chicago,Atlantic 10,202,203,124,167,13-16,9-9,4-7,8-6,153,252,227,-11.86,282,-5.51,5-5,0-2,0-2,0-3,13-9,2026-03-04,13,16,0.448,0,2,0.0,0,2,0.0,0,3,0.0,13,9,0.591,9,9,0.5,8,6,0.571,5,5,0.5
Alabama A&M,SWAC,203,202,331,244,16-9,15-1,1-8,7-5,141,16,110,-5.3,241,-4.39,10-0,0-3,0-1,0-1,16-4,2026-03-04,16,9,0.64,0,3,0.0,0,1,0.0,0,1,0.0,16,4,0.8,15,1,0.938,7,5,0.583,10,0,1.0
UTRGV,Southland,204,204,267,215,16-12,15-6,1-6,10-4,184,18,165,-8.43,191,-3.24,7-3,0-2,0-1,0-2,16-7,2026-03-04,16,12,0.571,0,2,0.0,0,1,0.0,0,2,0.0,16,7,0.696,15,6,0.714,10,4,0.714,7,3,0.7
Elon,CAA,205,201,280,220,13-14,9-7,4-7,4-9,306,247,229,-11.88,280,-5.5,6-4,0-1,0-0,0-3,13-10,2026-03-04,13,14,0.481,0,1,0.0,0,0,,0,3,0.0,13,10,0.565,9,7,0.562,4,9,0.308,6,4,0.6
Robert Morris,Horizon,206,205,302,228,16-11,11-9,5-2,8-7,353,363,196,-9.8,116,-1.85,5-5,0-0,0-0,0-1,16-10,2026-03-04,16,11,0.593,0,0,,0,0,,0,1,0.0,16,10,0.615,11,9,0.55,8,7,0.533,5,5,0.5
Pacific,WCC,207,207,89,148,10-18,6-12,4-6,1-10,125,149,254,-13.57,228,-3.98,3-7,0-0,0-5,1-7,9-6,2026-03-04,10,18,0.357,0,0,,0,5,0.0,1,7,0.125,9,6,0.6,6,12,0.333,1,10,0.091,3,7,0.3
Norfolk St.,MEAC,208,208,298,227,12-12,11-2,1-10,7-10,104,25,153,-7.71,296,-5.88,9-1,0-4,0-1,0-1,12-6,2026-03-04,12,12,0.5,0,4,0.0,0,1,0.0,0,1,0.0,12,6,0.667,11,2,0.846,7,10,0.412,9,1,0.9
Chattanooga,SoCon,209,210,329,242,16-9,10-4,6-5,6-5,344,296,152,-7.66,221,-3.87,6-4,0-0,0-2,0-0,16-7,2026-03-04,16,9,0.64,0,0,,0,2,0.0,0,0,,16,7,0.696,10,4,0.714,6,5,0.545,6,4,0.6
St. Bonaventure,Atlantic 10,210,211,231,201,15-14,7-11,8-3,6-9,226,359,208,-10.78,156,-2.66,4-6,0-1,0-2,2-1,13-10,2026-03-04,15,14,0.517,0,1,0.0,0,2,0.0,2,1,0.667,13,10,0.565,7,11,0.389,6,9,0.4,4,6,0.4
Longwood,Big South,211,209,336,247,17-9,11-5,6-4,6-6,273,144,132,-6.68,120,-1.95,7-3,0-2,0-0,0-2,17-5,2026-03-04,17,9,0.654,0,2,0.0,0,0,,0,2,0.0,17,5,0.773,11,5,0.688,6,6,0.5,7,3,0.7
Memphis,American,212,213,113,164,8-20,3-13,5-7,3-11,171,186,299,-16.29,257,-4.95,2-8,0-1,0-1,0-7,8-11,2026-03-04,8,20,0.286,0,1,0.0,0,1,0.0,0,7,0.0,8,11,0.421,3,13,0.188,3,11,0.214,2,8,0.2
Jacksonville St.,CUSA,213,214,257,211,11-15,8-8,3-7,5-10,300,288,244,-12.91,294,-5.86,3-7,0-1,0-0,0-3,11-11,2026-03-04,11,15,0.423,0,1,0.0,0,0,,0,3,0.0,11,11,0.5,8,8,0.5,5,10,0.333,3,7,0.3
Radford,Big South,214,215,336,247,18-11,12-4,6-7,7-7,294,199,173,-8.6,255,-4.87,8-2,0-2,0-1,0-1,18-7,2026-03-04,18,11,0.621,0,2,0.0,0,1,0.0,0,1,0.0,18,7,0.72,12,4,0.75,7,7,0.5,8,2,0.8
UT Arlington,WAC,215,217,149,178,10-18,4-12,6-6,1-13,181,125,266,-14.38,201,-3.41,2-8,0-1,1-2,0-1,9-14,2026-03-04,10,18,0.357,0,1,0.0,1,2,0.333,0,1,0.0,9,14,0.391,4,12,0.25,1,13,0.071,2,8,0.2
Northwestern St.,Southland,216,216,258,212,14-13,13-8,1-5,8-7,146,6,178,-9.08,118,-1.91,6-4,0-2,0-2,1-0,13-9,2026-03-04,14,13,0.519,0,2,0.0,0,2,0.0,1,0,1.0,13,9,0.591,13,8,0.619,8,7,0.533,6,4,0.6
Eastern Wash.,Big Sky,217,218,206,195,12-16,7-10,5-6,5-10,256,260,249,-13.28,244,-4.55,4-6,0-0,0-3,1-3,11-10,2026-03-04,12,16,0.429,0,0,,0,3,0.0,1,3,0.25,11,10,0.524,7,10,0.412,5,10,0.333,4,6,0.4
Campbell,CAA,218,226,287,223,16-11,11-5,5-6,7-7,340,323,185,-9.37,259,-5.03,7-3,0-0,0-1,1-1,15-9,2026-03-04,16,11,0.593,0,0,,0,1,0.0,1,1,0.5,15,9,0.625,11,5,0.688,7,7,0.5,7,3,0.7
Tennessee Tech,OVC,219,220,267,215,13-14,8-12,5-2,4-9,288,246,226,-11.73,80,-1.04,5-5,0-1,0-0,0-4,13-9,2026-03-04,13,14,0.481,0,1,0.0,0,0,,0,4,0.0,13,9,0.591,8,12,0.4,4,9,0.308,5,5,0.5
SMU,ACC,220,212,60,121,9-21,2-16,7-5,2-10,62,256,209,-10.92,200,-3.39,1-9,0-9,0-3,0-3,9-6,2026-03-04,9,21,0.3,0,9,0.0,0,3,0.0,0,3,0.0,9,6,0.6,2,16,0.111,2,10,0.167,1,9,0.1
Georgia St.,Sun Belt,221,219,92,150,8-20,5-13,3-7,3-12,118,190,279,-15.33,268,-5.3,1-9,0-1,1-4,0-4,7-11,2026-03-04,8,20,0.286,0,1,0.0,1,4,0.2,0,4,0.0,7,11,0.389,5,13,0.278,3,12,0.2,1,9,0.1
Southern U.,SWAC,222,221,315,233,14-11,12-4,2-7,7-9,86,2,112,-5.49,104,-1.57,7-3,0-6,0-0,1-0,13-5,2026-03-04,14,11,0.56,0,6,0.0,0,0,,1,0,1.0,13,5,0.722,12,4,0.75,7,9,0.438,7,3,0.7
Sacramento St.,Big Sky,223,222,215,197,11-17,7-10,4-7,5-10,283,306,267,-14.62,302,-5.96,3-7,0-0,0-2,1-2,10-13,2026-03-04,11,17,0.393,0,0,,0,2,0.0,1,2,0.333,10,13,0.435,7,10,0.412,5,10,0.333,3,7,0.3
Drake,MVC,224,225,149,178,10-18,9-9,1-9,6-6,131,50,257,-13.67,297,-5.89,4-6,0-2,0-1,0-5,10-10,2026-03-04,10,18,0.357,0,2,0.0,0,1,0.0,0,5,0.0,10,10,0.5,9,9,0.5,6,6,0.5,4,6,0.4
Wofford,SoCon,225,223,308,230,13-12,10-4,3-8,7-8,295,193,199,-9.93,304,-6.16,7-3,0-1,0-1,0-2,13-8,2026-03-04,13,12,0.52,0,1,0.0,0,1,0.0,0,2,0.0,13,8,0.619,10,4,0.714,7,8,0.467,7,3,0.7
William & Mary,CAA,226,234,275,219,13-13,7-9,6-4,9-5,326,273,212,-11.15,163,-2.76,5-5,0-0,0-2,1-1,12-10,2026-03-04,13,13,0.5,0,0,,0,2,0.0,1,1,0.5,12,10,0.545,7,9,0.438,9,5,0.643,5,5,0.5
Saint Louis,Atlantic 10,227,224,105,160,10-20,5-13,5-7,4-9,188,320,296,-16.24,301,-5.94,0-10,0-0,0-4,0-5,10-11,2026-03-04,10,20,0.333,0,0,,0,4,0.0,0,5,0.0,10,11,0.476,5,13,0.278,4,9,0.308,0,10,0.0
Tarleton St.,WAC,228,227,168,183,10-16,6-11,4-5,3-9,227,156,247,-13.16,194,-3.27,2-8,0-1,0-1,0-3,10-11,2026-03-04,10,16,0.385,0,1,0.0,0,1,0.0,0,3,0.0,10,11,0.476,6,11,0.353,3,9,0.25,2,8,0.2
Washington St.,WCC,229,228,63,123,7-24,6-12,1-12,3-10,84,29,309,-17.0,334,-7.33,3-7,0-1,0-7,1-9,6-7,2026-03-04,7,24,0.226,0,1,0.0,0,7,0.0,1,9,0.1,6,7,0.462,6,12,0.333,3,10,0.231,3,7,0.3
Air Force,Mountain West,230,229,193,189,12-16,7-12,5-4,4-12,255,328,248,-13.27,195,-3.29,5-5,0-0,0-2,0-7,12-7,2026-03-04,12,16,0.429,0,0,,0,2,0.0,0,7,0.0,12,7,0.632,7,12,0.368,4,12,0.25,5,5,0.5
Towson,CAA,231,230,272,218,15-12,9-7,6-5,6-8,260,163,187,-9.47,176,-2.96,5-5,0-2,0-0,0-1,15-9,2026-03-04,15,12,0.556,0,2,0.0,0,0,,0,1,0.0,15,9,0.625,9,7,0.562,6,8,0.429,5,5,0.5
North Ala.,ASUN,232,231,258,212,14-13,11-7,3-6,6-9,270,216,205,-10.58,247,-4.63,7-3,0-1,0-0,0-3,14-9,2026-03-04,14,13,0.519,0,1,0.0,0,0,,0,3,0.0,14,9,0.609,11,7,0.611,6,9,0.4,7,3,0.7
Merrimack,MAAC,233,232,345,252,17-11,15-5,2-6,7-8,325,292,177,-9.01,264,-5.15,8-2,0-0,0-3,0-1,17-7,2026-03-04,17,11,0.607,0,0,,0,3,0.0,0,1,0.0,17,7,0.708,15,5,0.75,7,8,0.467,8,2,0.8
West Ga.,ASUN,234,233,292,225,15-12,10-8,5-4,5-9,243,157,181,-9.26,130,-2.27,4-6,0-1,0-2,0-2,15-7,2026-03-04,15,12,0.556,0,1,0.0,0,2,0.0,0,2,0.0,15,7,0.682,10,8,0.556,5,9,0.357,4,6,0.4
Little Rock,OVC,235,235,187,188,13-15,11-9,2-6,5-9,197,84,220,-11.59,224,-3.91,5-5,0-1,0-1,0-6,13-7,2026-03-04,13,15,0.464,0,1,0.0,0,1,0.0,0,6,0.0,13,7,0.65,11,9,0.55,5,9,0.357,5,5,0.5
Stony Brook,CAA,236,236,282,221,14-12,12-4,2-8,4-9,317,218,201,-10.11,311,-6.5,7-3,0-1,0-1,0-1,14-9,2026-03-04,14,12,0.538,0,1,0.0,0,1,0.0,0,1,0.0,14,9,0.609,12,4,0.75,4,9,0.308,7,3,0.7
VCU,Atlantic 10,237,237,76,135,8-22,4-14,4-8,1-10,81,74,274,-15.05,251,-4.72,1-9,0-3,0-7,0-4,8-8,2026-03-04,8,22,0.267,0,3,0.0,0,7,0.0,0,4,0.0,8,8,0.5,4,14,0.222,1,10,0.091,1,9,0.1
Nevada,Mountain West,238,239,112,163,8-20,5-14,3-6,1-11,234,333,310,-17.02,271,-5.33,2-8,0-0,0-2,1-6,7-12,2026-03-04,8,20,0.286,0,0,,0,2,0.0,1,6,0.143,7,12,0.368,5,14,0.263,1,11,0.083,2,8,0.2
Fla. Atlantic,American,239,238,113,164,11-16,6-10,5-6,5-8,219,283,243,-12.89,250,-4.69,4-6,0-0,0-3,1-4,10-9,2026-03-04,11,16,0.407,0,0,,0,3,0.0,1,4,0.2,10,9,0.526,6,10,0.375,5,8,0.385,4,6,0.4
UC Riverside,Big West,240,240,187,188,8-19,8-11,0-8,5-11,247,167,298,-16.29,314,-6.54,4-6,0-0,0-2,0-6,8-11,2026-03-04,8,19,0.296,0,0,,0,2,0.0,0,6,0.0,8,11,0.421,8,11,0.421,5,11,0.312,4,6,0.4
Delaware,CUSA,241,241,237,203,11-17,5-9,6-8,6-8,334,318,277,-15.16,318,-6.75,3-7,0-0,0-1,0-3,11-13,2026-03-04,11,17,0.393,0,0,,0,1,0.0,0,3,0.0,11,13,0.458,5,9,0.357,6,8,0.429,3,7,0.3
Southeast Mo. St.,OVC,242,243,240,204,10-17,8-12,2-5,4-10,242,141,265,-14.24,211,-3.56,5-5,0-1,0-1,0-4,10-11,2026-03-04,10,17,0.37,0,1,0.0,0,1,0.0,0,4,0.0,10,11,0.476,8,12,0.4,4,10,0.286,5,5,0.5
Duquesne,Atlantic 10,243,242,155,179,9-18,4-14,5-4,4-10,213,349,273,-14.85,213,-3.58,4-6,0-1,0-2,1-3,8-12,2026-03-04,9,18,0.333,0,1,0.0,0,2,0.0,1,3,0.25,8,12,0.4,4,14,0.222,4,10,0.286,4,6,0.4
Kennesaw St.,CUSA,244,244,226,200,10-15,6-11,4-4,4-9,244,170,237,-12.47,149,-2.55,3-7,0-1,0-1,0-3,10-10,2026-03-04,10,15,0.4,0,1,0.0,0,1,0.0,0,3,0.0,10,10,0.5,6,11,0.353,4,9,0.308,3,7,0.3
St. Thomas (MN),Summit League,245,245,220,198,12-15,8-8,4-7,4-6,159,285,213,-11.23,288,-5.71,6-4,0-3,0-2,0-2,12-8,2026-03-04,12,15,0.444,0,3,0.0,0,2,0.0,0,2,0.0,12,8,0.6,8,8,0.5,4,6,0.4,6,4,0.6
ETSU,SoCon,246,246,317,234,15-12,10-4,5-8,8-4,230,140,179,-9.08,270,-5.32,9-1,0-3,0-0,0-0,15-9,2026-03-04,15,12,0.556,0,3,0.0,0,0,,0,0,,15,9,0.625,10,4,0.714,8,4,0.667,9,1,0.9
Boston College,ACC,247,247,54,115,5-26,1-17,4-9,1-10,61,282,283,-15.51,336,-7.43,1-9,0-8,0-6,0-6,5-6,2026-03-04,5,26,0.161,0,8,0.0,0,6,0.0,0,6,0.0,5,6,0.455,1,17,0.056,1,10,0.091,1,9,0.1
SIUE,OVC,248,248,264,214,12-15,8-12,4-3,5-9,319,319,245,-13.05,138,-2.38,5-5,0-0,0-0,1-5,11-10,2026-03-04,12,15,0.444,0,0,,0,0,,1,5,0.167,11,10,0.524,8,12,0.4,5,9,0.357,5,5,0.5
Furman,SoCon,249,249,289,224,13-12,9-5,4-7,7-6,163,64,169,-8.58,219,-3.82,6-4,0-2,0-3,0-0,13-7,2026-03-04,13,12,0.52,0,2,0.0,0,3,0.0,0,0,,13,7,0.65,9,5,0.643,7,6,0.538,6,4,0.6
UMES,MEAC,250,250,267,215,15-13,10-3,5-10,8-7,209,142,192,-9.67,323,-6.91,7-3,0-2,0-1,0-2,15-8,2026-03-04,15,13,0.536,0,2,0.0,0,1,0.0,0,2,0.0,15,8,0.652,10,3,0.769,8,7,0.533,7,3,0.7
Texas St.,Sun Belt,251,251,149,178,9-18,7-11,2-7,4-10,190,279,268,-14.63,299,-5.91,2-8,0-1,0-2,0-4,9-11,2026-03-04,9,18,0.333,0,1,0.0,0,2,0.0,0,4,0.0,9,11,0.45,7,11,0.389,4,10,0.286,2,8,0.2
Wyoming,Mountain West,252,252,103,159,8-19,6-13,2-6,2-13,122,96,269,-14.66,229,-3.99,3-7,0-1,0-4,1-4,7-10,2026-03-04,8,19,0.296,0,1,0.0,0,4,0.0,1,4,0.2,7,10,0.412,6,13,0.316,2,13,0.133,3,7,0.3
UT Martin,OVC,253,253,224,199,10-16,9-11,1-5,4-11,252,145,251,-13.44,217,-3.77,2-8,0-1,0-0,1-5,9-10,2026-03-04,10,16,0.385,0,1,0.0,0,0,,1,5,0.167,9,10,0.474,9,11,0.45,4,11,0.267,2,8,0.2
Northern Ariz.,Big Sky,254,255,146,177,8-20,6-11,2-9,5-10,250,220,313,-17.22,335,-7.36,3-7,0-0,0-2,1-6,7-12,2026-03-04,8,20,0.286,0,0,,0,2,0.0,1,6,0.143,7,12,0.368,6,11,0.353,5,10,0.333,3,7,0.3
IU Indy,Horizon,255,254,212,196,11-16,9-11,2-5,3-11,311,255,261,-13.97,230,-4.06,5-5,0-0,0-0,0-4,11-12,2026-03-04,11,16,0.407,0,0,,0,0,,0,4,0.0,11,12,0.478,9,11,0.45,3,11,0.214,5,5,0.5
Fordham,Atlantic 10,256,256,196,191,9-19,2-16,7-3,3-10,169,346,278,-15.26,143,-2.49,1-9,0-1,0-5,0-2,9-11,2026-03-04,9,19,0.321,0,1,0.0,0,5,0.0,0,2,0.0,9,11,0.45,2,16,0.111,3,10,0.231,1,9,0.1
Utah Tech,WAC,257,259,206,195,8-18,4-13,4-5,0-10,321,325,292,-16.14,236,-4.22,3-7,0-0,0-1,0-1,8-16,2026-03-04,8,18,0.308,0,0,,0,1,0.0,0,1,0.0,8,16,0.333,4,13,0.235,0,10,0.0,3,7,0.3
Mercer,SoCon,258,258,346,253,15-12,7-7,8-5,7-8,346,322,206,-10.6,220,-3.85,5-5,0-0,0-2,0-1,15-9,2026-03-04,15,12,0.556,0,0,,0,2,0.0,0,1,0.0,15,9,0.625,7,7,0.5,7,8,0.467,5,5,0.5
N.C. A&T,CAA,259,261,215,197,7-16,6-10,1-6,4-10,108,9,230,-11.93,145,-2.52,4-6,0-4,0-0,0-2,7-10,2026-03-04,7,16,0.304,0,4,0.0,0,0,,0,2,0.0,7,10,0.412,6,10,0.375,4,10,0.286,4,6,0.4
Lipscomb,ASUN,260,260,249,208,8-19,7-11,1-8,4-11,291,264,305,-16.76,320,-6.83,3-7,0-0,0-2,0-3,8-14,2026-03-04,8,19,0.296,0,0,,0,2,0.0,0,3,0.0,8,14,0.364,7,11,0.389,4,11,0.267,3,7,0.3
Weber St.,Big Sky,261,262,113,164,6-21,3-14,3-7,2-13,130,79,307,-16.82,237,-4.33,3-7,0-1,0-5,1-3,5-12,2026-03-04,6,21,0.222,0,1,0.0,0,5,0.0,1,3,0.25,5,12,0.294,3,14,0.176,2,13,0.133,3,7,0.3
Pittsburgh,ACC,262,257,85,146,8-22,1-17,7-5,1-10,66,316,238,-12.47,225,-3.92,0-10,0-9,0-4,0-2,8-7,2026-03-04,8,22,0.267,0,9,0.0,0,4,0.0,0,2,0.0,8,7,0.533,1,17,0.056,1,10,0.091,0,10,0.0
Oakland,Horizon,263,263,155,179,9-20,7-13,2-7,5-11,161,41,289,-15.98,231,-4.08,3-7,0-2,0-1,1-2,8-15,2026-03-04,9,20,0.31,0,2,0.0,0,1,0.0,1,2,0.333,8,15,0.348,7,13,0.35,5,11,0.312,3,7,0.3
UIW,Southland,264,265,267,215,11-15,11-10,0-5,5-9,172,4,219,-11.56,137,-2.37,3-7,0-2,0-1,0-2,11-10,2026-03-04,11,15,0.423,0,2,0.0,0,1,0.0,0,2,0.0,11,10,0.524,11,10,0.524,5,9,0.357,3,7,0.3
Western Mich.,MAC,265,264,171,184,9-17,5-11,4-6,4-10,140,93,246,-13.09,205,-3.48,4-6,0-2,0-1,0-4,9-10,2026-03-04,9,17,0.346,0,2,0.0,0,1,0.0,0,4,0.0,9,10,0.474,5,11,0.312,4,10,0.286,4,6,0.4
Loyola Maryland,Patriot,266,266,284,222,12-16,8-9,4-7,6-9,274,184,253,-13.51,263,-5.11,4-6,0-2,0-0,0-1,12-13,2026-03-04,12,16,0.429,0,2,0.0,0,0,,0,1,0.0,12,13,0.48,8,9,0.471,6,9,0.4,4,6,0.4
Wichita St.,American,267,267,120,166,6-22,4-12,2-10,2-9,216,257,323,-18.75,350,-8.4,4-6,0-1,0-3,1-1,5-17,2026-03-04,6,22,0.214,0,1,0.0,0,3,0.0,1,1,0.5,5,17,0.227,4,12,0.25,2,9,0.182,4,6,0.4
Nicholls,Southland,268,268,343,249,12-15,9-12,3-3,6-9,357,350,258,-13.87,159,-2.73,3-7,0-0,0-0,0-2,12-13,2026-03-04,12,15,0.444,0,0,,0,0,,0,2,0.0,12,13,0.48,9,12,0.429,6,9,0.4,3,7,0.3
San Diego,WCC,269,269,130,169,9-21,4-14,5-7,0-13,193,284,314,-17.3,285,-5.58,3-7,0-0,0-5,0-7,9-9,2026-03-04,9,21,0.3,0,0,,0,5,0.0,0,7,0.0,9,9,0.5,4,14,0.222,0,13,0.0,3,7,0.3
Montana,Big Sky,270,271,125,168,7-20,5-12,2-8,4-10,113,49,281,-15.42,256,-4.88,3-7,0-2,0-3,1-4,6-11,2026-03-04,7,20,0.259,0,2,0.0,0,3,0.0,1,4,0.2,6,11,0.353,5,12,0.294,4,10,0.286,3,7,0.3
Yale,Ivy League,271,270,176,185,7-19,3-10,4-9,4-10,182,332,284,-15.64,346,-8.0,3-7,0-0,0-3,0-7,7-9,2026-03-04,7,19,0.269,0,0,,0,3,0.0,0,7,0.0,7,9,0.438,3,10,0.231,4,10,0.286,3,7,0.3
UNC Greensboro,SoCon,272,272,326,241,10-15,4-10,6-5,4-11,265,161,241,-12.69,175,-2.95,2-8,0-2,0-0,0-1,10-12,2026-03-04,10,15,0.4,0,2,0.0,0,0,,0,1,0.0,10,12,0.455,4,10,0.286,4,11,0.267,2,8,0.2
Evansville,MVC,273,273,204,194,7-22,5-13,2-9,3-14,235,210,325,-18.94,333,-7.29,3-7,0-1,0-1,1-4,6-16,2026-03-04,7,22,0.241,0,1,0.0,0,1,0.0,1,4,0.2,6,16,0.273,5,13,0.278,3,14,0.176,3,7,0.3
UTEP,CUSA,274,274,254,210,11-14,5-11,6-3,3-7,258,169,222,-11.63,92,-1.37,4-6,0-1,0-1,0-2,11-10,2026-03-04,11,14,0.44,0,1,0.0,0,1,0.0,0,2,0.0,11,10,0.524,5,11,0.312,3,7,0.3,4,6,0.4
New Hampshire,America East,275,275,212,196,8-19,4-12,4-7,3-13,245,236,297,-16.27,275,-5.42,4-6,0-1,0-0,0-5,8-13,2026-03-04,8,19,0.296,0,1,0.0,0,0,,0,5,0.0,8,13,0.381,4,12,0.25,3,13,0.188,4,6,0.4
Mount St. Mary's,MAAC,276,276,348,257,15-14,11-9,4-5,6-9,264,160,216,-11.32,196,-3.29,6-4,0-2,0-2,0-1,15-9,2026-03-04,15,14,0.517,0,2,0.0,0,2,0.0,0,1,0.0,15,9,0.625,11,9,0.55,6,9,0.4,6,4,0.6
Iona,MAAC,277,277,357,271,18-11,12-8,6-3,9-6,341,327,184,-9.3,131,-2.28,7-3,0-0,0-3,1-1,17-7,2026-03-04,18,11,0.621,0,0,,0,3,0.0,1,1,0.5,17,7,0.708,12,8,0.6,9,6,0.6,7,3,0.7
Siena,MAAC,278,278,353,264,13-16,11-9,2-7,6-10,331,341,262,-14.09,310,-6.42,6-4,0-0,0-3,0-2,13-11,2026-03-04,13,16,0.448,0,0,,0,3,0.0,0,2,0.0,13,11,0.542,11,9,0.55,6,10,0.375,6,4,0.6
East Texas A&M,Southland,279,279,308,230,11-15,9-12,2-3,4-9,238,27,234,-12.32,87,-1.17,5-5,0-2,0-0,0-1,11-12,2026-03-04,11,15,0.423,0,2,0.0,0,0,,0,1,0.0,11,12,0.478,9,12,0.429,4,9,0.308,5,5,0.5
LIU,NEC,280,280,363,300,16-10,13-4,3-6,9-6,361,344,182,-9.26,279,-5.49,7-3,0-0,0-1,0-1,16-8,2026-03-04,16,10,0.615,0,0,,0,1,0.0,0,1,0.0,16,8,0.667,13,4,0.765,9,6,0.6,7,3,0.7
CSUN,Big West,281,281,206,195,7-18,5-13,2-5,3-10,277,266,286,-15.83,233,-4.11,3-7,0-0,0-2,0-4,7-12,2026-03-04,7,18,0.28,0,0,,0,2,0.0,0,4,0.0,7,12,0.368,5,13,0.278,3,10,0.231,3,7,0.3
Lafayette,Patriot,282,282,320,236,10-18,6-11,4-7,6-11,333,302,294,-16.16,298,-5.91,3-7,0-1,0-0,0-3,10-14,2026-03-04,10,18,0.357,0,1,0.0,0,0,,0,3,0.0,10,14,0.417,6,11,0.353,6,11,0.353,3,7,0.3
Hofstra,CAA,283,295,226,200,6-20,5-11,1-9,4-9,179,69,304,-16.62,306,-6.21,4-6,0-2,0-1,0-2,6-15,2026-03-04,6,20,0.231,0,2,0.0,0,1,0.0,0,2,0.0,6,15,0.286,5,11,0.312,4,9,0.308,4,6,0.4
Boston U.,Patriot,284,283,287,223,9-18,6-11,3-7,6-9,304,235,287,-15.86,283,-5.57,4-6,0-1,0-0,0-4,9-13,2026-03-04,9,18,0.333,0,1,0.0,0,0,,0,4,0.0,9,13,0.409,6,11,0.353,6,9,0.4,4,6,0.4
Utah St.,Mountain West,285,284,125,168,5-22,2-17,3-5,1-14,167,119,319,-18.38,192,-3.25,0-10,0-1,0-2,0-6,5-13,2026-03-04,5,22,0.185,0,1,0.0,0,2,0.0,0,6,0.0,5,13,0.278,2,17,0.105,1,14,0.067,0,10,0.0
Southern Ill.,MVC,286,286,215,197,7-18,6-12,1-6,2-9,315,317,293,-16.16,272,-5.37,4-6,0-0,0-0,0-5,7-13,2026-03-04,7,18,0.28,0,0,,0,0,,0,5,0.0,7,13,0.35,6,12,0.333,2,9,0.182,4,6,0.4
Western Ky.,CUSA,287,285,212,196,7-19,4-12,3-7,3-12,192,124,285,-15.79,254,-4.84,3-7,0-2,0-1,0-2,7-14,2026-03-04,7,19,0.269,0,2,0.0,0,1,0.0,0,2,0.0,7,14,0.333,4,12,0.25,3,12,0.2,3,7,0.3
Akron,MAC,288,287,125,168,5-22,4-12,1-10,1-13,132,153,318,-17.83,342,-7.84,4-6,0-2,0-2,0-4,5-14,2026-03-04,5,22,0.185,0,2,0.0,0,2,0.0,0,4,0.0,5,14,0.263,4,12,0.25,1,13,0.071,4,6,0.4
Coppin St.,MEAC,289,288,196,191,7-21,6-7,1-14,3-12,89,23,275,-15.05,348,-8.31,4-6,0-5,0-1,0-1,7-14,2026-03-04,7,21,0.25,0,5,0.0,0,1,0.0,0,1,0.0,7,14,0.333,6,7,0.462,3,12,0.2,4,6,0.4
Kansas City,Summit League,290,289,149,178,4-22,4-12,0-10,2-12,97,100,311,-17.04,338,-7.55,1-9,0-3,0-3,0-4,4-12,2026-03-04,4,22,0.154,0,3,0.0,0,3,0.0,0,4,0.0,4,12,0.25,4,12,0.25,2,12,0.143,1,9,0.1
Denver,Summit League,291,291,171,184,8-18,5-11,3-7,3-11,147,269,264,-14.23,289,-5.74,3-7,0-2,0-3,0-3,8-10,2026-03-04,8,18,0.308,0,2,0.0,0,3,0.0,0,3,0.0,8,10,0.444,5,11,0.312,3,11,0.214,3,7,0.3
North Florida,ASUN,292,292,204,194,7-20,4-14,3-6,4-12,186,73,303,-16.6,210,-3.52,2-8,0-2,0-2,0-1,7-15,2026-03-04,7,20,0.259,0,2,0.0,0,2,0.0,0,1,0.0,7,15,0.318,4,14,0.222,4,12,0.25,2,8,0.2
Manhattan,MAAC,293,290,284,222,10-19,10-10,0-9,4-10,198,112,282,-15.48,325,-6.95,5-5,0-1,0-4,0-3,10-11,2026-03-04,10,19,0.345,0,1,0.0,0,4,0.0,0,3,0.0,10,11,0.476,10,10,0.5,4,10,0.286,5,5,0.5
Samford,SoCon,294,293,258,212,10-18,6-8,4-10,4-13,128,58,255,-13.61,295,-5.87,5-5,0-4,0-1,0-1,10-12,2026-03-04,10,18,0.357,0,4,0.0,0,1,0.0,0,1,0.0,10,12,0.455,6,8,0.429,4,13,0.235,5,5,0.5
Bucknell,Patriot,295,294,272,218,10-17,7-10,3-7,4-11,298,217,271,-14.8,278,-5.48,6-4,0-1,0-0,0-4,10-12,2026-03-04,10,17,0.37,0,1,0.0,0,0,,0,4,0.0,10,12,0.455,7,10,0.412,4,11,0.267,6,4,0.6
CSU Bakersfield,Big West,296,297,233,202,6-21,2-16,4-5,4-10,318,337,327,-19.04,238,-4.37,1-9,0-0,0-2,0-3,6-16,2026-03-04,6,21,0.222,0,0,,0,2,0.0,0,3,0.0,6,16,0.273,2,16,0.111,4,10,0.286,1,9,0.1
Wright St.,Horizon,297,296,264,214,8-21,6-14,2-7,3-13,303,259,322,-18.7,292,-5.81,4-6,0-1,0-0,0-1,8-19,2026-03-04,8,21,0.276,0,1,0.0,0,0,,0,1,0.0,8,19,0.296,6,14,0.3,3,13,0.188,4,6,0.4
Alabama St.,SWAC,298,299,326,241,12-12,11-5,1-7,7-9,95,3,144,-7.37,146,-2.52,8-2,0-5,0-0,0-1,12-6,2026-03-04,12,12,0.5,0,5,0.0,0,0,,0,1,0.0,12,6,0.667,11,5,0.688,7,9,0.438,8,2,0.8
New Mexico St.,CUSA,299,300,176,185,6-19,5-11,1-8,2-10,271,195,306,-16.76,312,-6.51,2-8,0-1,0-0,0-2,6-16,2026-03-04,6,19,0.24,0,1,0.0,0,0,,0,2,0.0,6,16,0.273,5,11,0.312,2,10,0.167,2,8,0.2
Northeastern,CAA,300,298,292,225,7-20,3-14,4-6,4-11,355,353,324,-18.83,284,-5.57,1-9,0-0,0-0,0-1,7-19,2026-03-04,7,20,0.259,0,0,,0,0,,0,1,0.0,7,19,0.269,3,14,0.176,4,11,0.267,1,9,0.1
Marist,MAAC,301,301,289,224,11-19,8-12,3-7,3-10,239,209,288,-15.92,276,-5.44,4-6,0-1,0-3,0-2,11-13,2026-03-04,11,19,0.367,0,1,0.0,0,3,0.0,0,2,0.0,11,13,0.458,8,12,0.4,3,10,0.231,4,6,0.4
Alcorn,SWAC,302,302,334,246,13-11,13-3,0-8,7-7,129,12,141,-7.26,239,-4.37,8-2,0-3,0-1,0-1,13-6,2026-03-04,13,11,0.542,0,3,0.0,0,1,0.0,0,1,0.0,13,6,0.684,13,3,0.812,7,7,0.5,8,2,0.8
Indiana St.,MVC,303,304,233,202,8-20,5-14,3-6,3-12,261,244,315,-17.37,252,-4.76,3-7,0-1,0-0,0-4,8-15,2026-03-04,8,20,0.286,0,1,0.0,0,0,,0,4,0.0,8,15,0.348,5,14,0.263,3,12,0.2,3,7,0.3
Sacred Heart,MAAC,304,303,322,238,11-17,10-10,1-7,5-10,249,200,263,-14.19,287,-5.7,3-7,0-1,0-3,0-3,11-10,2026-03-04,11,17,0.393,0,1,0.0,0,3,0.0,0,3,0.0,11,10,0.524,10,10,0.5,5,10,0.333,3,7,0.3
Detroit Mercy,Horizon,305,305,231,201,6-22,4-16,2-6,1-11,267,175,333,-19.46,245,-4.57,2-8,0-1,0-0,0-2,6-19,2026-03-04,6,22,0.214,0,1,0.0,0,0,,0,2,0.0,6,19,0.24,4,16,0.2,1,11,0.083,2,8,0.2
Houston Christian,Southland,306,306,262,213,6-20,6-15,0-5,3-13,231,20,312,-17.2,184,-3.07,3-7,0-1,0-2,0-1,6-16,2026-03-04,6,20,0.231,0,1,0.0,0,2,0.0,0,1,0.0,6,16,0.273,6,15,0.286,3,13,0.188,3,7,0.3
Cornell,Ivy League,307,308,155,179,7-18,3-10,4-8,6-9,120,315,259,-13.89,324,-6.92,1-9,0-2,1-2,1-4,5-10,2026-03-04,7,18,0.28,0,2,0.0,1,2,0.333,1,4,0.2,5,10,0.333,3,10,0.231,6,9,0.4,1,9,0.1
Winthrop,Big South,308,307,336,247,11-16,7-9,4-7,5-10,189,70,240,-12.62,226,-3.94,4-6,0-3,0-1,0-0,11-12,2026-03-04,11,16,0.407,0,3,0.0,0,1,0.0,0,0,,11,12,0.478,7,9,0.438,5,10,0.333,4,6,0.4
Hampton,CAA,309,314,284,222,7-18,4-12,3-6,4-8,356,342,308,-16.95,277,-5.47,2-8,0-0,0-0,0-2,7-16,2026-03-04,7,18,0.28,0,0,,0,0,,0,2,0.0,7,16,0.304,4,12,0.25,4,8,0.333,2,8,0.2
Milwaukee,Horizon,310,309,233,202,6-23,4-16,2-7,3-12,332,321,351,-21.09,305,-6.21,1-9,0-0,0-0,0-3,6-20,2026-03-04,6,23,0.207,0,0,,0,0,,0,3,0.0,6,20,0.231,4,16,0.2,3,12,0.2,1,9,0.1
Portland St.,Big Sky,311,311,184,187,5-23,2-15,3-8,1-13,266,305,341,-20.44,326,-6.95,1-9,0-0,0-2,0-3,5-18,2026-03-04,5,23,0.179,0,0,,0,2,0.0,0,3,0.0,5,18,0.217,2,15,0.118,1,13,0.071,1,9,0.1
Jackson St.,SWAC,312,310,324,240,10-17,9-7,1-10,6-10,178,51,252,-13.48,315,-6.6,7-3,0-3,0-1,0-3,10-10,2026-03-04,10,17,0.37,0,3,0.0,0,1,0.0,0,3,0.0,10,10,0.5,9,7,0.562,6,10,0.375,7,3,0.7
Buffalo,MAC,313,313,155,179,3-25,1-15,2-10,0-12,208,224,352,-21.67,347,-8.22,1-9,0-1,0-2,0-4,3-18,2026-03-04,3,25,0.107,0,1,0.0,0,2,0.0,0,4,0.0,3,18,0.143,1,15,0.062,0,12,0.0,1,9,0.1
Grambling,SWAC,314,312,329,242,9-17,9-7,0-10,3-11,286,137,272,-14.81,343,-7.93,6-4,0-1,0-0,0-4,9-12,2026-03-04,9,17,0.346,0,1,0.0,0,0,,0,4,0.0,9,12,0.429,9,7,0.562,3,11,0.214,6,4,0.6
NIU,MAC,315,315,199,192,6-22,3-13,3-9,2-14,246,294,330,-19.18,340,-7.75,2-8,0-1,0-1,0-3,6-17,2026-03-04,6,22,0.214,0,1,0.0,0,1,0.0,0,3,0.0,6,17,0.261,3,13,0.188,2,14,0.125,2,8,0.2
Dartmouth,Ivy League,316,316,155,179,7-16,1-12,6-4,4-9,133,345,236,-12.46,207,-3.49,1-9,0-1,0-3,0-5,7-7,2026-03-04,7,16,0.304,0,1,0.0,0,3,0.0,0,5,0.0,7,7,0.5,1,12,0.077,4,9,0.308,1,9,0.1
N.C. Central,MEAC,317,317,292,225,6-19,4-9,2-10,2-12,151,72,280,-15.42,316,-6.69,4-6,0-3,0-0,0-1,6-15,2026-03-04,6,19,0.24,0,3,0.0,0,0,,0,1,0.0,6,15,0.286,4,9,0.308,2,12,0.143,4,6,0.4
Eastern Ill.,OVC,318,318,176,185,4-27,3-17,1-10,2-16,157,71,356,-22.6,327,-6.96,1-9,0-2,0-2,0-5,4-18,2026-03-04,4,27,0.129,0,2,0.0,0,2,0.0,0,5,0.0,4,18,0.182,3,17,0.15,2,16,0.111,1,9,0.1
San Jose St.,Mountain West,319,319,105,160,3-26,2-17,1-9,0-17,145,115,354,-21.74,319,-6.76,1-9,0-1,0-4,0-4,3-17,2026-03-04,3,26,0.103,0,1,0.0,0,4,0.0,0,4,0.0,3,17,0.15,2,17,0.105,0,17,0.0,1,9,0.1
Colgate,Patriot,320,320,243,206,5-22,2-15,3-7,2-12,278,202,334,-19.66,274,-5.41,1-9,0-1,0-2,0-3,5-16,2026-03-04,5,22,0.185,0,1,0.0,0,2,0.0,0,3,0.0,5,16,0.238,2,15,0.118,2,12,0.143,1,9,0.1
American,Patriot,321,321,282,221,6-22,4-13,2-9,2-12,339,310,340,-20.28,345,-7.98,1-9,0-1,0-0,0-2,6-19,2026-03-04,6,22,0.214,0,1,0.0,0,0,,0,2,0.0,6,19,0.24,4,13,0.235,2,12,0.143,1,9,0.1
Louisiana,Sun Belt,322,322,120,166,3-24,2-16,1-8,2-11,176,240,342,-20.47,317,-6.74,2-8,0-1,0-2,0-4,3-17,2026-03-04,3,24,0.111,0,1,0.0,0,2,0.0,0,4,0.0,3,17,0.15,2,16,0.111,2,11,0.154,2,8,0.2
Gardner-Webb,Big South,323,323,352,261,12-18,9-7,3-11,6-10,351,330,302,-16.58,358,-9.9,6-4,0-1,0-0,0-1,12-16,2026-03-04,12,18,0.4,0,1,0.0,0,0,,0,1,0.0,12,16,0.429,9,7,0.562,6,10,0.375,6,4,0.6
Tennessee St.,OVC,324,324,206,195,5-24,4-16,1-8,1-14,207,107,344,-20.55,300,-5.91,2-8,0-2,0-0,0-4,5-18,2026-03-04,5,24,0.172,0,2,0.0,0,0,,0,4,0.0,5,18,0.217,4,16,0.2,1,14,0.067,2,8,0.2
Queens (NC),ASUN,325,325,296,226,8-19,4-14,4-5,4-11,254,178,300,-16.36,203,-3.42,3-7,0-1,0-1,0-2,8-15,2026-03-04,8,19,0.296,0,1,0.0,0,1,0.0,0,2,0.0,8,15,0.348,4,14,0.222,4,11,0.267,3,7,0.3
Ark.-Pine Bluff,SWAC,326,328,336,247,11-14,9-7,2-7,4-11,297,130,231,-11.94,262,-5.1,6-4,0-1,0-0,0-3,11-10,2026-03-04,11,14,0.44,0,1,0.0,0,0,,0,3,0.0,11,10,0.524,9,7,0.562,4,11,0.267,6,4,0.6
Wagner,NEC,327,327,358,272,11-15,8-8,3-7,5-10,296,158,242,-12.85,261,-5.09,5-5,0-1,0-2,0-1,11-11,2026-03-04,11,15,0.423,0,1,0.0,0,2,0.0,0,1,0.0,11,11,0.5,8,8,0.5,5,10,0.333,5,5,0.5
North Dakota,Summit League,328,329,146,177,4-23,3-13,1-10,1-11,114,162,320,-18.44,344,-7.95,2-8,0-3,0-3,0-3,4-14,2026-03-04,4,23,0.148,0,3,0.0,0,3,0.0,0,3,0.0,4,14,0.222,3,13,0.188,1,11,0.083,2,8,0.2
Long Beach St.,Big West,329,331,168,183,4-23,4-14,0-9,0-13,222,135,337,-19.92,330,-7.12,3-7,0-1,0-2,0-3,4-17,2026-03-04,4,23,0.148,0,1,0.0,0,2,0.0,0,3,0.0,4,17,0.19,4,14,0.222,0,13,0.0,3,7,0.3
Mercyhurst,NEC,330,330,346,253,13-15,13-4,0-11,8-8,170,47,215,-11.29,337,-7.53,8-2,0-4,0-0,0-1,13-10,2026-03-04,13,15,0.464,0,4,0.0,0,0,,0,1,0.0,13,10,0.565,13,4,0.765,8,8,0.5,8,2,0.8
UNCW,CAA,331,326,298,227,5-21,2-14,3-7,1-13,322,278,329,-19.14,291,-5.79,1-9,0-1,0-0,0-2,5-18,2026-03-04,5,21,0.192,0,1,0.0,0,0,,0,2,0.0,5,18,0.217,2,14,0.125,1,13,0.071,1,9,0.1
Charleston So.,Big South,332,332,280,220,7-21,6-10,1-11,4-11,187,80,316,-17.48,341,-7.81,3-7,0-2,0-2,0-3,7-14,2026-03-04,7,21,0.25,0,2,0.0,0,2,0.0,0,3,0.0,7,14,0.333,6,10,0.375,4,11,0.267,3,7,0.3
UNC Asheville,Big South,333,333,358,272,9-17,7-9,2-8,6-7,362,361,301,-16.39,339,-7.72,5-5,0-0,0-0,0-1,9-16,2026-03-04,9,17,0.346,0,0,,0,0,,0,1,0.0,9,16,0.36,7,9,0.438,6,7,0.462,5,5,0.5
Rider,MAAC,334,334,351,260,7-22,5-15,2-7,3-13,348,326,345,-20.57,307,-6.27,3-7,0-0,0-2,0-2,7-18,2026-03-04,7,22,0.241,0,0,,0,2,0.0,0,2,0.0,7,18,0.28,5,15,0.25,3,13,0.188,3,7,0.3
Southeastern La.,Southland,335,336,254,210,4-23,4-17,0-6,1-14,152,7,328,-19.13,172,-2.94,3-7,0-3,0-0,0-2,4-18,2026-03-04,4,23,0.148,0,3,0.0,0,0,,0,2,0.0,4,18,0.182,4,17,0.19,1,14,0.067,3,7,0.3
Stonehill,NEC,336,335,355,267,10-17,6-10,4-7,3-11,328,230,276,-15.15,273,-5.39,5-5,0-1,0-0,0-2,10-14,2026-03-04,10,17,0.37,0,1,0.0,0,0,,0,2,0.0,10,14,0.417,6,10,0.375,3,11,0.214,5,5,0.5
Seattle U,WCC,337,337,138,174,3-24,1-17,2-7,0-14,206,251,348,-20.79,290,-5.78,0-10,0-1,0-1,0-7,3-15,2026-03-04,3,24,0.111,0,1,0.0,0,1,0.0,0,7,0.0,3,15,0.167,1,17,0.056,0,14,0.0,0,10,0.0
Canisius,MAAC,338,338,312,232,5-24,3-17,2-7,1-14,203,123,343,-20.51,258,-5.03,2-8,0-2,0-3,0-2,5-17,2026-03-04,5,24,0.172,0,2,0.0,0,3,0.0,0,2,0.0,5,17,0.227,3,17,0.15,1,14,0.067,2,8,0.2
Texas Southern,SWAC,339,339,323,239,5-20,5-12,0-8,3-12,139,13,295,-16.24,240,-4.38,1-9,0-3,0-0,0-3,5-14,2026-03-04,5,20,0.2,0,3,0.0,0,0,,0,3,0.0,5,14,0.263,5,12,0.294,3,12,0.2,1,9,0.1
Florida A&M,SWAC,340,341,336,247,6-21,6-11,0-10,1-15,336,213,331,-19.26,351,-8.46,2-8,0-0,0-2,0-1,6-18,2026-03-04,6,21,0.222,0,0,,0,2,0.0,0,1,0.0,6,18,0.25,6,11,0.353,1,15,0.062,2,8,0.2
USC Upstate,Big South,341,340,336,247,8-19,6-10,2-9,5-10,228,102,290,-16.07,309,-6.4,5-5,0-3,0-0,0-1,8-15,2026-03-04,8,19,0.296,0,3,0.0,0,0,,0,1,0.0,8,15,0.348,6,10,0.375,5,10,0.333,5,5,0.5
A&M-Corpus Christi,Southland,342,342,272,218,4-23,4-17,0-6,1-13,272,88,346,-20.59,242,-4.46,2-8,0-1,0-1,0-2,4-19,2026-03-04,4,23,0.148,0,1,0.0,0,1,0.0,0,2,0.0,4,19,0.174,4,17,0.19,1,13,0.071,2,8,0.2
Cal Poly,Big West,343,344,141,175,1-25,1-17,0-8,0-15,117,17,347,-20.65,253,-4.83,0-10,0-3,0-2,0-1,1-19,2026-03-04,1,25,0.038,0,3,0.0,0,2,0.0,0,1,0.0,1,19,0.05,1,17,0.056,0,15,0.0,0,10,0.0
Chicago St.,NEC,344,343,343,249,9-21,8-9,1-12,3-14,289,181,321,-18.5,356,-9.75,5-5,0-1,0-1,0-3,9-16,2026-03-04,9,21,0.3,0,1,0.0,0,1,0.0,0,3,0.0,9,16,0.36,8,9,0.471,3,14,0.176,5,5,0.5
Bethune-Cookman,SWAC,345,345,324,240,4-23,4-13,0-10,1-14,217,61,335,-19.87,329,-7.06,3-7,0-2,0-2,0-0,4-19,2026-03-04,4,23,0.148,0,2,0.0,0,2,0.0,0,0,,4,19,0.174,4,13,0.235,1,14,0.067,3,7,0.3
Delaware St.,MEAC,346,347,315,233,4-21,4-9,0-12,2-12,302,232,326,-19.0,361,-10.26,4-6,0-1,0-0,0-2,4-18,2026-03-04,4,21,0.16,0,1,0.0,0,0,,0,2,0.0,4,18,0.182,4,9,0.308,2,12,0.143,4,6,0.4
Saint Peter's,MAAC,347,346,317,234,6-22,6-14,0-8,5-10,320,304,338,-19.99,332,-7.22,3-7,0-0,0-3,0-1,6-18,2026-03-04,6,22,0.214,0,0,,0,3,0.0,0,1,0.0,6,18,0.25,6,14,0.3,5,10,0.333,3,7,0.3
UMass Lowell,America East,348,348,243,206,5-21,2-14,3-7,3-13,338,348,332,-19.35,313,-6.52,2-8,0-0,0-0,0-3,5-18,2026-03-04,5,21,0.192,0,0,,0,0,,0,3,0.0,5,18,0.217,2,14,0.125,3,13,0.188,2,8,0.2
New Haven,NEC,349,349,360,283,5-21,5-9,0-12,1-11,359,340,339,-19.99,363,-11.23,2-8,0-0,0-1,0-1,5-19,2026-03-04,5,21,0.192,0,0,,0,1,0.0,0,1,0.0,5,19,0.208,5,9,0.357,1,11,0.083,2,8,0.2
New Orleans,Southland,350,350,252,209,3-25,3-18,0-7,2-13,210,33,353,-21.69,243,-4.54,2-8,0-2,0-1,0-2,3-20,2026-03-04,3,25,0.107,0,2,0.0,0,1,0.0,0,2,0.0,3,20,0.13,3,18,0.143,2,13,0.133,2,8,0.2
Morgan St.,MEAC,351,351,237,203,3-24,3-10,0-14,2-14,137,75,336,-19.91,360,-10.18,2-8,0-3,0-2,0-0,3-19,2026-03-04,3,24,0.111,0,3,0.0,0,2,0.0,0,0,,3,19,0.136,3,10,0.231,2,14,0.125,2,8,0.2
Western Caro.,SoCon,352,352,296,226,0-25,0-14,0-11,0-12,248,147,355,-22.49,352,-8.77,0-10,0-1,0-2,0-1,0-21,2026-03-04,0,25,0.0,0,1,0.0,0,2,0.0,0,1,0.0,0,21,0.0,0,14,0.0,0,12,0.0,0,10,0.0
Le Moyne,NEC,353,353,348,257,10-19,8-8,2-11,5-12,251,150,291,-16.13,349,-8.38,6-4,0-2,0-1,0-3,10-13,2026-03-04,10,19,0.345,0,2,0.0,0,1,0.0,0,3,0.0,10,13,0.435,8,8,0.5,5,12,0.294,6,4,0.6
Omaha,Summit League,354,355,133,173,3-26,3-13,0-13,1-14,105,146,349,-20.82,362,-10.34,3-7,0-3,0-4,0-4,3-15,2026-03-04,3,26,0.103,0,3,0.0,0,4,0.0,0,4,0.0,3,15,0.167,3,13,0.188,1,14,0.067,3,7,0.3
Mississippi Val.,SWAC,355,354,326,241,6-21,5-11,1-10,2-15,196,65,317,-17.69,321,-6.85,2-8,0-3,0-1,0-1,6-16,2026-03-04,6,21,0.222,0,3,0.0,0,1,0.0,0,1,0.0,6,16,0.273,5,11,0.312,2,15,0.118,2,8,0.2
Saint Francis,NEC,356,356,360,283,3-24,3-14,0-10,1-13,363,358,358,-23.47,354,-9.59,1-9,0-0,0-0,0-0,3-24,2026-03-04,3,24,0.111,0,0,,0,0,,0,0,,3,24,0.111,3,14,0.176,1,13,0.071,1,9,0.1
Prairie View,SWAC,357,357,342,248,0-26,0-17,0-9,0-16,232,57,357,-23.2,308,-6.34,0-10,0-2,0-1,0-0,0-23,2026-03-04,0,26,0.0,0,2,0.0,0,1,0.0,0,0,,0,23,0.0,0,17,0.0,0,16,0.0,0,10,0.0
Valparaiso,MVC,358,358,224,199,0-29,0-18,0-11,0-16,279,287,363,-26.52,355,-9.72,0-10,0-1,0-0,0-4,0-24,2026-03-04,0,29,0.0,0,1,0.0,0,0,,0,4,0.0,0,24,0.0,0,18,0.0,0,16,0.0,0,10,0.0
South Carolina St.,MEAC,359,359,334,246,3-23,2-11,1-12,2-12,290,233,350,-20.84,359,-10.11,0-10,0-1,0-1,0-1,3-20,2026-03-04,3,23,0.115,0,1,0.0,0,1,0.0,0,1,0.0,3,20,0.13,2,11,0.154,2,12,0.143,0,10,0.0
Niagara,MAAC,360,360,311,231,1-28,1-19,0-9,0-17,214,143,361,-24.63,331,-7.15,1-9,0-2,0-3,0-1,1-22,2026-03-04,1,28,0.034,0,2,0.0,0,3,0.0,0,1,0.0,1,22,0.043,1,19,0.05,0,17,0.0,1,9,0.1
Central Conn. St.,NEC,361,361,356,270,1-27,1-16,0-11,0-16,337,239,362,-25.2,353,-9.45,1-9,0-1,0-0,0-3,1-23,2026-03-04,1,27,0.036,0,1,0.0,0,0,,0,3,0.0,1,23,0.042,1,16,0.059,0,16,0.0,1,9,0.1
Bellarmine,ASUN,362,362,149,178,1-29,0-18,1-11,1-16,116,39,359,-23.94,328,-7.01,0-10,0-4,0-0,0-4,1-21,2026-03-04,1,29,0.033,0,4,0.0,0,0,,0,4,0.0,1,21,0.045,0,18,0.0,1,16,0.059,0,10,0.0
Presbyterian,Big South,363,363,333,245,1-26,1-15,0-11,1-13,343,293,360,-24.49,357,-9.83,0-10,0-1,0-0,0-1,1-24,2026-03-04,1,26,0.037,0,1,0.0,0,0,,0,1,0.0,1,24,0.04,1,15,0.062,1,13,0.071,0,10,0.0
