Team,Conference,NET Rank,PrevNET,AvgOppNETRank,AvgOppNET,DivIWL,ConfRecord,Non-ConfRecord,RoadWL,NETSOS,NetNonConfSOS,WABRk,WAB,NCWABRk,NCWAB,Last10Games,Q1,Q2,Q3,Q4
UConn(AQ),Big East,1,1,16,89,34-0,23-0,11-0,12-0,58,1,4,11.43,1,6.54,10-0,9-0,5-0,8-0,12-0
UCLA(AQ),Big Ten,2,2,2,66,31-1,21-0,10-1,9-0,1,11,1,17.06,3,3.85,10-0,18-1,2-0,5-0,6-0
South Carolina,SEC,3,3,9,81,31-3,17-2,14-1,11-1,7,41,3,14.52,4,3.7,9-1,12-3,7-0,3-0,9-0
Texas(AQ),SEC,4,4,14,87,31-3,16-3,15-0,7-3,5,34,2,14.77,2,5.06,9-1,14-3,5-0,4-0,8-0
LSU,SEC,5,5,61,119,27-5,13-5,14-0,10-2,30,274,9,8.82,15,1.59,7-3,8-5,4-0,3-0,12-0
Michigan,Big Ten,6,6,6,80,25-6,16-4,9-2,8-2,6,39,6,10.12,17,1.56,7-3,9-6,4-0,4-0,8-0
Vanderbilt,SEC,7,7,35,100,27-4,13-4,14-0,7-2,18,140,7,9.83,6,2.75,7-3,8-4,6-0,5-0,8-0
Duke(AQ),ACC,8,8,3,72,24-8,19-2,5-6,9-3,9,4,10,7.98,60,-0.4,8-2,9-7,5-1,2-0,8-0
Minnesota,Big Ten,9,9,29,95,22-8,13-6,9-2,8-3,25,179,18,5.12,50,-0.17,8-2,5-7,2-1,6-0,9-0
Iowa,Big Ten,10,10,1,64,26-6,17-4,9-2,8-3,3,40,5,10.99,19,1.53,8-2,9-6,7-0,3-0,7-0
Louisville,ACC,11,11,34,99,27-7,17-4,10-3,9-0,26,37,11,7.83,22,1.3,6-4,8-6,6-1,1-0,12-0
TCU,Big 12,12,12,53,112,29-5,17-4,12-1,7-3,51,153,12,6.89,21,1.4,8-2,4-3,10-2,1-0,14-0
Oklahoma,SEC,13,13,43,103,24-7,12-6,12-1,6-3,19,132,13,6.79,13,1.62,7-3,6-7,4-0,3-0,11-0
Maryland,Big Ten,14,14,47,108,23-8,11-8,12-0,6-3,29,212,17,5.4,10,1.76,6-4,6-7,2-1,3-0,12-0
Ohio St.,Big Ten,15,15,21,91,26-7,15-6,11-1,7-3,10,81,8,9.37,8,2,6-4,9-7,4-0,2-0,11-0
Kentucky,SEC,16,16,31,96,23-10,10-9,13-1,8-5,14,117,19,4.97,9,1.93,5-5,5-9,2-1,8-0,8-0
Michigan St.,Big Ten,17,17,39,101,22-8,11-8,11-0,7-3,16,219,16,5.51,18,1.55,4-6,5-7,5-0,1-1,11-0
West Virginia(AQ),Big 12,18,18,17,90,27-6,17-4,10-2,8-2,44,66,14,6.66,23,1.27,9-1,3-3,10-3,3-0,11-0
North Carolina,ACC,19,19,53,112,26-7,15-5,11-2,8-3,38,55,15,6.18,11,1.71,8-2,4-6,9-1,3-0,10-0
Ole Miss,SEC,20,20,39,101,23-11,10-9,13-2,4-6,22,159,24,3.95,31,0.68,4-6,5-8,3-2,4-1,11-0
Notre Dame,ACC,21,21,29,95,22-10,14-7,8-3,6-6,17,17,21,4.32,24,1.22,8-2,7-7,3-3,3-0,9-0
Tennessee,SEC,22,22,5,76,16-13,8-9,8-4,7-6,4,21,32,2.25,36,0.48,2-8,5-11,1-1,2-1,8-0
Southern California,Big Ten,23,23,4,74,17-13,9-10,8-3,3-7,2,20,26,3.06,26,1.12,6-4,4-12,3-0,2-1,8-0
Oregon,Big Ten,24,24,12,86,22-12,10-11,12-1,6-5,31,278,29,2.56,39,0.46,5-5,3-8,3-3,4-1,12-0
NC State,ACC,25,25,6,80,20-10,13-6,7-4,7-4,33,14,27,2.61,41,0.43,6-4,3-9,5-1,4-0,8-0
Washington,Big Ten,26,26,17,90,21-10,11-9,10-1,7-5,13,239,23,4.26,38,0.46,4-6,6-7,2-3,2-0,11-0
Alabama,SEC,27,27,17,90,23-10,9-10,14-0,3-5,20,198,20,4.68,7,2.13,4-6,5-8,4-1,4-1,10-0
Nebraska,Big Ten,28,28,15,88,18-12,7-12,11-0,2-7,28,245,39,1.03,20,1.43,3-7,1-10,4-1,3-1,10-0
Oklahoma St.,Big 12,29,29,59,118,22-9,12-7,10-2,5-6,60,214,37,1.22,52,-0.25,6-4,1-3,6-5,5-1,10-0
Illinois,Big Ten,30,30,35,100,21-11,11-10,10-1,6-6,32,300,30,2.45,49,-0.01,5-5,3-10,2-0,5-1,11-0
Texas Tech,Big 12,31,31,46,107,25-7,12-7,13-0,7-4,69,302,31,2.31,25,1.15,5-5,3-1,5-6,3-0,14-0
Baylor,Big 12,32,32,42,102,24-8,13-6,11-2,7-3,43,63,22,4.29,14,1.6,5-5,3-6,6-2,4-0,11-0
Iowa St.,Big 12,33,33,59,118,22-9,10-9,12-0,5-5,64,224,40,0.87,12,1.65,6-4,2-3,6-5,1-1,13-0
Georgia,SEC,34,35,67,123,22-9,8-9,14-0,6-4,39,335,25,3.14,28,0.93,4-6,3-8,2-1,6-0,11-0
Villanova,Big East,35,34,51,109,25-7,18-5,7-2,10-3,71,59,35,1.48,35,0.53,8-2,2-3,2-3,6-1,15-0
Virginia,ACC,36,36,69,124,19-11,11-8,8-3,6-4,55,180,52,-0.72,83,-1.2,5-5,3-6,2-4,3-0,11-1
Richmond,Atlantic 10,37,37,86,145,26-7,16-4,10-3,9-4,93,82,51,-0.7,43,0.24,7-3,0-2,3-4,5-0,18-1
Princeton,Ivy League,38,38,83,143,24-3,12-2,12-1,11-2,83,49,28,2.57,5,2.85,8-2,1-1,4-1,6-1,13-0
South Dakota St.(AQ),Summit League,39,40,124,168,27-6,17-2,10-4,10-2,85,30,44,0.63,29,0.77,10-0,0-3,4-2,4-1,19-0
Syracuse,ACC,40,39,71,127,23-8,13-7,10-1,6-3,59,216,33,2.23,32,0.56,6-4,1-7,6-1,3-0,13-0
Virginia Tech,ACC,41,41,66,122,23-9,13-7,10-2,7-3,56,226,34,1.83,56,-0.35,6-4,3-7,4-1,5-1,11-0
Clemson,ACC,42,42,74,133,21-11,12-8,9-3,7-8,42,103,36,1.36,53,-0.27,6-4,3-10,3-1,1-0,14-0
Mississippi St.,SEC,43,43,58,116,18-13,5-12,13-1,3-7,40,309,53,-0.86,44,0.21,3-7,2-9,1-3,3-1,12-0
Stanford,ACC,44,44,47,108,19-13,8-11,11-2,6-5,50,98,57,-1.71,27,1.01,4-6,2-6,4-6,3-0,10-1
James Madison(AQ),Sun Belt,45,46,84,144,26-8,17-4,9-4,7-5,101,61,64,-2.3,57,-0.37,10-0,0-2,1-2,6-3,19-1
Colorado,Big 12,46,45,22,92,22-11,13-8,9-3,4-6,49,187,41,0.83,79,-1.07,7-3,2-5,6-3,3-2,11-1
North Dakota St.,Summit League,47,47,250,207,26-4,17-2,9-2,12-0,181,222,49,-0.49,63,-0.48,8-2,1-1,0-2,4-1,21-0
Florida,SEC,48,48,47,108,18-15,6-12,12-3,2-9,41,305,62,-2.22,105,-1.68,5-5,2-10,1-1,3-3,12-1
Rhode Island(AQ),Atlantic 10,49,49,105,160,27-4,19-2,8-2,11-3,119,188,43,0.72,59,-0.39,8-2,1-1,3-1,4-0,19-2
Kansas,Big 12,50,50,31,96,18-13,9-11,9-2,5-6,48,146,58,-1.82,45,0.08,6-4,1-7,3-4,4-1,10-1
Arizona St.,Big 12,51,51,44,104,24-10,11-10,13-0,7-7,65,262,42,0.81,16,1.56,5-5,1-6,6-2,5-2,12-0
California,ACC,52,52,45,106,19-14,10-10,9-4,4-6,54,131,69,-2.65,91,-1.37,6-4,1-8,3-4,2-2,13-0
Fairfield(AQ),MAAC,53,53,303,230,28-4,22-1,6-3,12-2,147,15,45,0.29,34,0.55,10-0,2-2,0-0,3-1,23-1
Indiana,Big Ten,54,55,17,90,18-14,7-13,11-1,4-7,24,257,47,-0.01,37,0.48,7-3,2-12,1-2,3-0,12-0
Kansas St.,Big 12,55,54,6,80,18-17,11-11,7-6,6-6,37,56,75,-3.02,126,-2.3,5-5,4-6,3-5,3-5,8-1
BYU,Big 12,56,56,53,112,22-11,11-10,11-1,6-5,57,211,46,0.12,30,0.76,6-4,0-5,8-4,2-1,12-1
Miami (FL),ACC,57,57,51,109,17-14,9-11,8-3,4-5,45,79,63,-2.26,51,-0.22,5-5,1-10,3-3,2-1,11-0
Columbia,Ivy League,58,58,97,155,20-7,11-3,9-4,11-1,92,93,59,-1.84,73,-0.9,8-2,1-1,4-2,0-3,15-1
Utah,Big 12,59,59,31,96,18-12,10-9,8-3,9-3,47,87,54,-1.13,54,-0.3,4-6,2-2,4-9,1-1,11-0
George Mason,Atlantic 10,60,60,78,139,23-9,18-3,5-6,9-3,80,51,60,-2.13,158,-2.77,8-2,1-3,3-3,2-1,17-2
Texas A&M,SEC,61,61,11,85,14-12,7-10,7-2,4-5,8,107,38,1.14,48,0.01,6-4,2-9,5-0,2-2,5-1
Rice,American,62,62,124,168,27-4,17-1,10-3,11-2,208,248,50,-0.67,89,-1.32,9-1,0-2,1-0,3-0,23-2
Gonzaga,WCC,63,65,84,144,23-9,15-4,8-5,9-4,122,100,92,-4.38,116,-2.02,8-2,0-0,1-5,4-4,18-0
Seton Hall,Big East,64,63,61,119,19-12,13-9,6-3,8-6,75,109,85,-3.95,78,-1.02,4-6,0-6,1-1,5-3,13-2
Harvard,Ivy League,65,64,103,157,17-10,10-4,7-6,7-5,88,91,98,-4.69,164,-2.88,8-2,0-3,1-2,2-3,14-2
South Fla.,American,66,66,77,136,20-11,13-5,7-6,5-5,74,6,71,-2.89,40,0.45,8-2,1-5,1-2,1-2,17-2
Montana St.,Big Sky,67,67,152,178,22-6,17-2,5-4,9-5,156,43,65,-2.38,84,-1.22,9-1,0-1,1-2,1-3,20-0
Ball St.,MAC,68,68,159,180,24-6,16-2,8-4,11-4,171,121,66,-2.41,95,-1.51,9-1,0-2,0-2,3-1,21-1
Marquette,Big East,69,69,67,123,17-12,12-9,5-3,7-5,72,74,93,-4.39,75,-0.93,5-5,0-5,1-2,4-3,12-2
Colorado St.,Mountain West,70,75,147,177,25-7,17-5,8-2,10-3,211,191,82,-3.59,61,-0.44,9-1,0-0,1-2,3-4,21-1
Purdue,Big Ten,71,70,23,93,13-17,5-14,8-3,2-10,21,237,83,-3.7,96,-1.53,2-8,0-12,2-2,2-1,9-2
Davidson,Atlantic 10,72,72,93,151,21-12,13-7,8-5,7-6,95,110,108,-5.9,122,-2.17,6-4,0-4,0-4,3-2,18-2
San Diego St.,Mountain West,73,71,147,177,24-5,19-2,5-3,10-1,180,99,56,-1.6,82,-1.16,8-2,0-1,2-0,3-2,19-2
Georgia Tech,ACC,74,74,35,100,14-18,9-11,5-7,3-9,46,70,110,-5.98,215,-3.81,5-5,1-9,2-6,2-2,9-1
Ga. Southern,Sun Belt,75,77,97,155,22-7,16-3,6-4,9-5,115,178,67,-2.56,127,-2.32,8-2,0-2,2-2,1-2,19-1
Troy,Sun Belt,76,73,119,166,24-7,16-4,8-3,9-5,140,128,70,-2.8,69,-0.77,7-3,0-1,0-3,5-1,19-2
Miami (OH),MAC,77,78,170,182,23-6,16-2,7-4,10-5,224,234,77,-3.11,139,-2.51,8-2,0-0,1-2,3-1,19-3
UC Irvine,Big West,78,79,289,224,26-5,17-3,9-2,10-4,355,352,84,-3.76,98,-1.58,9-1,0-0,0-0,1-3,25-2
Louisiana Tech,CUSA,79,80,203,193,22-5,14-1,8-4,9-3,215,135,61,-2.15,103,-1.62,10-0,0-2,0-0,1-1,21-2
Santa Clara,WCC,80,76,107,161,22-9,14-6,8-3,11-4,169,147,102,-5.24,74,-0.92,6-4,0-1,1-2,6-3,15-3
Oregon St.,WCC,81,83,89,148,21-10,15-5,6-5,6-4,96,32,95,-4.49,87,-1.28,6-4,0-2,1-3,3-4,17-1
McNeese,Southland,82,82,313,233,25-4,21-1,4-3,13-2,235,33,55,-1.23,64,-0.64,10-0,0-2,0-1,1-0,24-1
Vermont,America East,83,81,238,202,24-7,15-3,9-4,12-4,285,251,97,-4.67,130,-2.35,8-2,0-1,0-0,2-1,22-5
Missouri,SEC,84,85,27,94,16-16,4-13,12-3,4-6,36,230,76,-3.06,76,-0.95,3-7,1-9,1-5,2-2,12-0
Quinnipiac,MAAC,85,84,344,253,26-6,21-2,5-4,14-1,341,347,89,-4.26,207,-3.61,8-2,0-0,1-2,0-0,25-4
Wisconsin,Big Ten,86,86,23,93,13-17,5-14,8-3,2-9,12,177,72,-2.93,81,-1.15,0-10,2-11,1-4,0-1,10-1
Saint Joseph's,Atlantic 10,87,88,91,149,18-11,11-9,7-2,8-5,103,154,114,-6.19,55,-0.34,5-5,0-1,1-5,2-2,15-3
Auburn,SEC,88,87,35,100,15-17,4-14,11-3,3-8,23,176,74,-2.99,65,-0.65,2-8,0-12,4-4,1-1,10-0
Western Ill.(AQ),OVC,89,89,282,222,23-5,18-4,5-1,9-4,295,175,73,-2.94,47,0.01,8-2,0-1,0-0,3-0,20-4
Creighton,Big East,90,91,53,112,16-15,12-10,4-5,6-8,70,115,115,-6.33,178,-3.08,7-3,0-5,1-4,3-3,12-3
Murray St.,MVC,91,90,203,193,27-3,19-1,8-2,12-3,225,123,48,-0.02,46,0.07,10-0,0-2,1-0,2-1,24-0
Arkansas St.,Sun Belt,92,92,128,169,23-9,15-5,8-4,9-6,226,301,105,-5.83,169,-2.94,5-5,0-0,1-2,1-6,21-1
Penn St.,Big Ten,93,94,10,82,11-18,4-14,7-4,3-8,11,65,86,-3.95,77,-0.99,4-6,1-10,1-6,2-1,7-1
Lindenwood,OVC,94,93,218,196,23-8,17-5,6-3,11-4,199,78,96,-4.58,67,-0.71,9-1,0-2,0-0,4-3,19-3
Georgetown,Big East,95,96,73,129,14-17,7-15,7-2,5-8,73,173,162,-8.88,62,-0.48,2-8,0-5,1-3,3-3,10-6
Massachusetts,MAC,96,97,203,193,23-6,15-3,8-3,10-3,267,293,81,-3.58,115,-1.93,8-2,0-0,0-3,3-1,20-2
UNLV,Mountain West,97,95,96,153,21-11,16-6,5-5,8-7,144,97,120,-6.69,147,-2.67,6-4,0-0,0-6,2-4,19-1
Green Bay,Horizon,98,100,212,195,23-8,19-3,4-5,9-5,168,36,88,-4.24,117,-2.02,7-3,0-2,1-2,0-1,22-3
St. John's (NY),Big East,99,99,81,141,22-11,12-10,10-1,8-6,79,217,80,-3.55,33,0.56,6-4,0-3,4-2,3-4,15-2
Idaho,Big Sky,100,98,266,216,25-5,18-1,7-4,10-4,330,337,78,-3.2,186,-3.29,10-0,0-0,0-2,2-0,23-3
Belmont,MVC,101,101,124,168,20-11,16-4,4-7,9-5,87,10,99,-4.87,113,-1.88,8-2,0-5,0-1,1-2,19-3
Marshall,Sun Belt,102,102,113,164,21-9,13-6,8-3,9-5,135,193,100,-4.88,88,-1.29,6-4,0-2,1-2,2-2,18-3
Col. of Charleston,CAA,103,103,310,232,22-5,16-2,6-3,11-2,338,247,79,-3.48,110,-1.84,8-2,0-0,0-1,2-0,20-4
Arkansas,SEC,104,104,47,108,12-20,1-16,11-4,1-10,35,286,124,-7.05,131,-2.39,1-9,0-11,0-4,3-3,9-2
North Texas,American,105,105,97,155,15-13,11-7,4-6,6-5,117,89,154,-8.71,206,-3.59,6-4,0-2,0-3,0-3,15-5
Central Ark.,ASUN,106,106,248,206,19-11,14-6,5-5,9-7,323,285,163,-9.1,219,-3.92,9-1,0-0,0-1,1-3,18-7
Abilene Christian,WAC,107,107,224,198,19-9,13-5,6-4,8-4,319,280,126,-7.18,166,-2.89,7-3,0-1,0-0,2-0,17-8
Florida St.,ACC,108,108,23,93,10-21,5-14,5-7,3-8,34,25,145,-8.39,155,-2.74,3-7,0-9,0-9,3-2,7-1
Cincinnati,Big 12,109,110,23,93,10-20,6-13,4-7,2-10,52,259,170,-9.52,283,-5.66,3-7,0-4,3-9,0-3,7-4
Eastern Ky.,ASUN,110,111,282,222,22-8,15-4,7-4,10-4,310,268,109,-5.92,152,-2.71,6-4,0-1,0-0,1-1,21-6
LMU (CA),WCC,111,109,176,185,20-9,15-4,5-5,8-5,274,351,119,-6.68,244,-4.61,9-1,0-0,0-1,5-2,15-6
East Carolina,American,112,112,182,186,22-9,14-4,8-5,7-4,305,336,122,-6.81,230,-4.16,7-3,0-0,0-1,1-2,21-6
New Mexico,Mountain West,113,113,193,191,22-10,14-7,8-3,9-4,220,233,121,-6.7,94,-1.51,7-3,0-0,1-3,1-3,20-4
Central Mich.,MAC,114,114,156,179,17-11,12-6,5-5,9-7,104,31,116,-6.37,101,-1.6,6-4,0-3,0-2,1-2,16-4
South Dakota,Summit League,115,117,264,214,20-9,13-5,7-4,9-5,165,317,103,-5.42,181,-3.11,7-3,0-1,2-3,1-1,17-4
Army West Point,Patriot,116,115,323,240,23-6,15-4,8-2,11-4,334,266,91,-4.34,71,-0.83,8-2,0-1,0-0,0-2,23-3
Hawaii,Big West,117,119,207,194,18-10,14-6,4-4,6-4,308,277,140,-8.04,180,-3.1,9-1,0-0,0-1,1-4,17-5
UNI,MVC,118,120,166,181,17-13,13-7,4-6,8-8,134,46,161,-8.87,171,-2.97,7-3,0-2,0-2,1-3,16-6
UC San Diego,Big West,119,122,260,213,21-8,17-3,4-5,11-4,289,260,106,-5.84,218,-3.91,8-2,0-1,1-0,2-1,18-6
Arizona,Big 12,120,121,63,120,12-18,3-16,9-2,0-9,66,357,158,-8.8,100,-1.6,2-8,0-5,1-8,2-2,9-3
Boise St.,Mountain West,121,116,193,191,24-9,16-7,8-2,6-6,255,254,112,-6.08,68,-0.75,6-4,0-0,0-3,1-3,23-3
Missouri St.,CUSA,122,123,170,182,19-12,9-3,10-9,7-6,292,289,172,-9.71,324,-7.09,6-4,0-0,0-2,1-2,18-8
Penn,Ivy League,123,124,147,177,15-10,7-7,8-3,5-6,107,249,111,-6,99,-1.58,6-4,0-2,0-3,1-2,14-3
Navy,Patriot,124,118,313,233,21-7,16-2,5-5,9-4,309,210,101,-5.06,201,-3.53,9-1,0-1,1-1,1-0,19-5
Southern Ind.,OVC,125,125,245,204,18-10,15-7,3-3,8-6,268,155,133,-7.68,114,-1.9,6-4,0-1,0-0,0-4,18-5
Pepperdine,WCC,126,127,141,175,17-12,10-9,7-3,6-8,201,197,160,-8.8,93,-1.48,7-3,0-1,1-2,2-2,14-7
California Baptist,WAC,127,128,212,195,21-10,15-3,6-7,11-5,282,264,130,-7.62,272,-5.45,8-2,0-1,0-1,2-2,19-6
Wake Forest,ACC,128,129,86,145,14-17,4-15,10-2,3-6,68,360,137,-7.82,106,-1.69,2-8,0-8,0-5,1-1,13-3
Portland,WCC,129,131,104,159,16-14,12-8,4-6,6-8,113,95,168,-9.35,209,-3.63,6-4,0-2,1-1,2-8,13-3
Idaho St.,Big Sky,130,126,193,191,18-11,12-7,6-4,10-4,272,279,152,-8.65,165,-2.89,6-4,0-0,0-2,2-1,16-8
Northwestern,Big Ten,131,132,12,86,8-21,2-16,6-5,1-11,15,263,139,-7.86,212,-3.68,0-10,0-12,0-4,1-3,7-2
Youngstown St.,Horizon,132,136,276,219,22-8,17-5,5-3,11-4,304,202,107,-5.88,108,-1.81,9-1,0-1,0-0,1-1,21-6
FDU,NEC,133,133,362,292,26-4,19-0,7-4,12-3,345,255,68,-2.58,144,-2.63,10-0,0-1,0-1,0-0,26-2
Butler,Big East,134,134,71,127,12-19,6-15,6-4,2-9,77,190,207,-11.56,134,-2.44,3-7,0-4,0-4,2-6,10-5
Grand Canyon,Mountain West,135,135,94,152,13-19,12-10,1-9,5-9,105,47,238,-13.77,295,-5.98,5-5,0-2,0-4,3-4,10-9
Jacksonville(AQ),ASUN,136,139,229,200,22-8,16-5,6-3,8-6,177,53,94,-4.47,58,-0.38,9-1,0-2,1-1,0-1,21-4
Brown,Ivy League,137,137,187,189,15-10,8-6,7-4,7-8,160,343,123,-6.83,199,-3.45,5-5,0-1,0-3,1-3,14-3
Purdue Fort Wayne,Horizon,138,130,240,203,19-13,14-9,5-4,5-8,239,113,182,-9.99,119,-2.05,5-5,0-2,0-0,1-2,18-9
UC Santa Barbara,Big West,139,140,260,213,19-9,12-8,7-1,10-5,265,194,118,-6.65,42,0.24,5-5,0-1,0-1,2-2,17-5
Temple,American,140,138,81,141,14-16,8-10,6-6,4-9,84,28,177,-9.82,111,-1.86,5-5,0-5,0-2,2-2,12-7
UTSA,American,141,141,89,148,13-15,9-9,4-6,5-9,108,88,190,-10.53,205,-3.57,4-6,0-2,1-2,0-4,12-7
High Point(AQ),Big South,142,142,355,267,25-5,16-3,9-2,8-3,360,329,87,-4.04,85,-1.22,7-3,0-0,0-1,2-0,23-4
Maine,America East,143,144,174,184,19-12,14-4,5-8,7-8,176,118,143,-8.35,265,-5.28,9-1,0-1,1-2,2-3,16-6
UCF,Big 12,144,143,64,121,11-19,3-16,8-3,2-7,61,342,165,-9.26,132,-2.39,1-9,0-7,2-5,1-3,8-4
Coastal Carolina,Sun Belt,145,145,122,167,12-18,7-12,5-6,5-10,109,127,230,-13.22,214,-3.77,3-7,0-3,0-3,0-5,12-7
Providence,Big East,146,147,78,139,15-18,8-14,7-4,2-9,78,227,184,-10.08,138,-2.49,5-5,0-5,0-4,2-4,13-5
Northern Colo.,Big Sky,147,146,238,202,19-10,13-6,6-4,10-5,281,292,134,-7.76,172,-3.02,7-3,0-0,0-2,1-3,18-5
Old Dominion,Sun Belt,148,149,100,156,17-14,9-10,8-4,7-5,99,108,156,-8.76,90,-1.34,5-5,0-4,0-2,2-3,15-5
Cleveland St.,Horizon,149,148,293,225,22-9,14-8,8-1,5-7,352,354,131,-7.67,66,-0.66,8-2,0-0,0-0,1-1,21-8
Illinois St.,MVC,150,150,218,196,19-12,13-7,6-5,5-8,207,138,153,-8.67,161,-2.83,7-3,0-2,0-1,0-3,19-6
ULM,Sun Belt,151,151,131,170,16-16,10-12,6-4,4-10,131,112,206,-11.55,109,-1.83,6-4,0-2,0-4,1-3,15-7
Tulsa,American,152,153,159,180,19-11,11-7,8-4,7-6,166,204,127,-7.35,124,-2.21,5-5,0-1,1-2,1-3,17-5
Liberty,CUSA,153,154,152,178,15-12,8-6,7-6,6-5,157,102,147,-8.52,174,-3.04,8-2,0-2,1-1,1-2,13-7
Holy Cross,Patriot,154,159,269,217,21-9,15-4,6-5,9-6,237,122,113,-6.17,154,-2.73,9-1,0-1,0-2,2-1,19-5
Austin Peay,ASUN,155,152,246,205,17-13,11-11,6-2,11-3,284,213,192,-10.71,72,-0.83,6-4,0-1,0-0,0-2,17-10
Howard,MEAC,156,155,303,230,23-7,13-1,10-6,11-7,251,186,90,-4.29,197,-3.41,10-0,0-2,1-1,1-1,21-3
FGCU,ASUN,157,156,133,172,14-15,12-8,2-7,6-6,128,27,198,-10.94,216,-3.85,6-4,0-1,1-2,1-4,12-8
Ohio,MAC,158,157,176,185,16-12,11-7,5-5,7-6,271,316,174,-9.72,232,-4.19,5-5,0-0,0-3,2-1,14-8
Bradley,MVC,159,158,227,199,19-11,13-7,6-4,6-8,253,199,142,-8.32,137,-2.49,6-4,0-1,0-0,0-5,19-5
Toledo,MAC,160,160,176,185,14-14,9-9,5-5,5-9,190,172,195,-10.81,188,-3.3,4-6,0-1,0-3,1-2,13-8
Middle Tenn.,CUSA,161,161,176,185,16-14,11-7,5-7,6-8,221,162,197,-10.94,251,-4.88,5-5,0-1,0-3,0-3,16-7
Charlotte,American,162,162,94,152,14-17,8-10,6-7,5-8,102,77,210,-11.86,213,-3.69,5-5,0-3,0-3,1-3,13-8
Bryant,America East,163,163,293,225,16-12,8-9,8-3,9-7,350,362,193,-10.77,156,-2.76,4-6,0-0,0-0,0-2,16-10
La Salle,Atlantic 10,164,164,137,174,17-13,11-9,6-4,9-5,126,246,157,-8.79,150,-2.71,7-3,0-1,1-4,0-3,16-5
Kent St.,MAC,165,166,113,164,13-15,9-9,4-6,4-11,106,52,189,-10.51,179,-3.09,6-4,0-3,0-1,0-6,13-5
Drexel,CAA,166,165,303,230,19-9,13-5,6-4,8-6,353,333,138,-7.85,189,-3.31,8-2,0-0,0-0,0-3,19-6
Dayton,Atlantic 10,167,167,133,172,17-14,10-10,7-4,7-6,162,290,183,-10.07,168,-2.9,6-4,0-0,1-6,1-1,15-7
San Francisco,WCC,168,170,105,160,17-14,11-10,6-4,6-6,191,265,188,-10.49,160,-2.82,5-5,0-0,0-3,1-8,16-3
Rutgers,Big Ten,169,168,39,101,9-20,1-17,8-3,1-10,27,240,128,-7.38,97,-1.54,0-10,0-12,1-3,2-2,6-3
Sam Houston,CUSA,170,169,193,191,15-11,10-6,5-5,6-7,163,94,135,-7.76,143,-2.62,5-5,0-2,1-1,0-2,14-6
UC Davis,Big West,171,171,224,198,20-9,15-5,5-4,9-6,258,200,117,-6.48,145,-2.64,7-3,0-1,0-2,1-3,19-3
George Washington,Atlantic 10,172,173,116,165,14-17,7-12,7-5,3-10,155,313,225,-12.99,223,-4.01,4-6,0-0,1-5,0-3,13-9
SFA,Southland,173,172,322,239,20-9,16-6,4-3,8-5,347,308,132,-7.68,133,-2.39,8-2,0-0,0-1,0-3,20-5
Fresno St.,Mountain West,174,174,182,186,14-18,9-13,5-5,4-11,170,174,245,-14.16,190,-3.32,5-5,0-1,0-4,0-6,14-7
FIU,CUSA,175,176,221,197,18-10,12-6,6-4,7-6,320,330,141,-8.2,187,-3.3,7-3,0-0,0-2,0-2,18-6
Stetson,ASUN,176,175,229,200,18-11,13-7,5-4,7-7,261,184,148,-8.53,140,-2.53,7-3,0-1,0-1,1-0,17-9
Lamar University,Southland,177,177,321,238,19-9,17-5,2-4,7-8,313,133,125,-7.08,159,-2.8,7-3,0-0,0-2,0-2,19-5
Binghamton,America East,178,178,190,190,17-12,11-7,6-5,6-9,182,120,151,-8.62,151,-2.71,4-6,0-2,0-1,1-1,16-8
NJIT,America East,179,180,272,218,18-12,9-8,9-4,9-6,299,304,179,-9.85,162,-2.85,5-5,0-1,0-0,0-2,18-9
Houston,Big 12,180,179,27,94,7-23,1-18,6-5,1-11,53,321,219,-12.62,229,-4.13,1-9,0-6,0-8,0-6,7-3
South Alabama,Sun Belt,181,181,159,180,16-18,9-14,7-4,3-10,194,306,246,-14.18,175,-3.04,7-3,0-1,0-4,2-2,14-11
Southern Utah,WAC,182,182,207,194,16-11,11-7,5-4,5-10,315,297,164,-9.19,182,-3.15,6-4,0-0,0-1,1-5,15-5
Utah Valley,WAC,183,183,187,189,14-13,9-9,5-4,5-9,317,307,201,-11.21,185,-3.21,7-3,0-0,0-1,2-3,12-9
Saint Mary's (CA),WCC,184,184,137,174,13-17,6-13,7-4,8-7,143,111,223,-12.96,102,-1.61,2-8,0-2,0-3,0-5,13-7
Tulane,American,185,185,111,162,11-19,6-12,5-7,3-8,120,106,250,-14.46,236,-4.32,3-7,0-2,0-3,0-3,11-11
UMBC,America East,186,187,221,197,14-14,11-7,3-7,7-8,210,170,199,-11.01,264,-5.27,6-4,1-1,0-0,1-2,12-11
Northern Ky.,Horizon,187,186,182,186,15-17,12-9,3-8,7-9,188,84,231,-13.32,266,-5.28,5-5,0-2,0-1,1-1,14-13
UAlbany,America East,188,188,240,203,13-16,4-13,9-3,5-11,178,157,218,-12.59,70,-0.82,3-7,0-2,0-1,0-3,13-10
Bowling Green,MAC,189,189,143,176,13-13,9-9,4-4,4-9,161,92,171,-9.7,121,-2.09,6-4,0-1,0-2,0-5,13-5
Southern Miss.,Sun Belt,190,190,132,171,13-16,8-11,5-5,5-8,159,195,215,-12.29,198,-3.45,4-6,0-2,0-3,1-1,12-10
Oral Roberts,Summit League,191,191,166,181,12-15,8-9,4-6,5-10,94,57,180,-9.88,184,-3.18,4-6,0-3,0-4,3-1,9-7
App State,Sun Belt,192,192,107,161,9-19,4-15,5-4,3-11,112,130,253,-14.64,123,-2.18,1-9,0-3,0-3,0-3,9-10
Morehead St.,OVC,193,193,212,195,17-14,13-8,4-6,7-9,138,44,176,-9.77,170,-2.95,5-5,0-3,0-0,2-2,15-9
Lehigh,Patriot,194,199,264,214,16-13,12-6,4-7,6-8,294,205,196,-10.87,267,-5.37,6-4,0-1,0-1,2-1,14-10
Cal St. Fullerton,Big West,195,194,257,211,15-13,13-7,2-6,7-7,342,356,205,-11.51,286,-5.7,6-4,0-0,0-1,0-3,15-9
Eastern Mich.,MAC,196,195,166,181,12-16,6-12,6-4,5-11,164,161,216,-12.52,125,-2.22,3-7,0-1,0-3,0-4,12-8
UAB,American,197,196,166,181,11-18,4-14,7-4,3-9,223,261,261,-15.1,148,-2.68,4-6,0-1,0-1,0-4,11-12
Loyola Chicago,Atlantic 10,198,197,113,164,14-17,10-10,4-7,8-6,125,242,220,-12.65,279,-5.56,4-6,0-2,0-3,0-3,14-9
Monmouth,CAA,199,198,306,231,16-10,12-6,4-4,9-5,326,218,146,-8.42,163,-2.87,6-4,0-1,0-0,0-0,16-9
Xavier,Big East,200,201,74,133,11-19,4-17,7-2,3-9,81,355,221,-12.71,104,-1.66,1-9,0-3,0-3,2-6,9-7
UIC,MVC,201,200,197,192,14-17,9-11,5-6,5-9,276,276,251,-14.54,249,-4.77,4-6,0-0,1-1,0-4,13-12
DePaul,Big East,202,202,70,125,8-24,5-16,3-8,1-13,76,168,273,-16.21,303,-6.08,3-7,0-5,0-3,2-5,6-11
UTRGV,Southland,203,203,272,218,17-12,16-6,1-6,10-4,175,18,150,-8.58,191,-3.33,7-3,0-2,0-1,0-3,17-6
Sacramento St.,Big Sky,204,209,197,192,13-17,9-10,4-7,6-10,278,303,252,-14.63,299,-6.03,4-6,0-0,0-2,2-3,11-12
Alabama A&M,SWAC,205,204,327,246,18-9,17-1,1-8,7-5,153,16,104,-5.45,241,-4.55,10-0,0-3,0-1,0-1,18-4
Radford,Big South,206,205,328,247,20-12,14-5,6-7,7-7,301,201,173,-9.71,257,-5.04,7-3,0-2,0-1,0-1,20-8
Pacific,WCC,207,207,92,150,10-19,6-13,4-6,1-10,124,148,257,-14.93,228,-4.12,3-7,0-0,0-5,1-7,9-7
Chattanooga,SoCon,208,206,333,248,18-10,12-5,6-5,6-5,346,294,155,-8.72,220,-3.93,5-5,0-0,0-2,0-0,18-8
Campbell,CAA,209,208,299,227,18-11,13-5,5-6,7-7,343,322,169,-9.52,259,-5.13,7-3,0-0,0-1,1-1,17-9
St. Bonaventure,Atlantic 10,210,210,229,200,15-15,7-12,8-3,6-9,228,359,213,-12.05,149,-2.7,4-6,0-1,0-2,2-1,13-11
Elon,CAA,211,211,293,225,14-15,10-8,4-7,4-10,312,250,226,-13,280,-5.58,6-4,0-1,0-0,0-3,14-11
Drake,MVC,212,212,141,175,11-19,10-10,1-9,6-7,129,50,256,-14.81,301,-6.05,5-5,0-2,0-1,0-6,11-10
Air Force,Mountain West,213,218,170,182,15-17,10-13,5-4,4-12,243,328,243,-14.02,192,-3.34,5-5,0-0,0-2,1-8,14-7
Norfolk St.,MEAC,214,213,289,224,12-13,11-3,1-10,7-10,100,23,159,-8.8,298,-5.99,8-2,0-4,0-1,0-1,12-7
Eastern Wash.,Big Sky,215,219,190,190,13-17,8-11,5-6,5-11,247,258,247,-14.26,246,-4.65,4-6,0-0,0-3,1-4,12-10
Jacksonville St.,CUSA,216,214,260,213,12-15,9-8,3-7,5-10,303,288,229,-13.08,293,-5.95,4-6,0-1,0-1,0-2,12-11
Robert Morris,Horizon,217,215,289,224,16-12,11-10,5-2,8-8,351,363,194,-10.78,112,-1.87,4-6,0-0,0-0,0-1,16-11
Northwestern St.,Southland,218,220,278,220,16-13,15-8,1-5,8-7,158,8,166,-9.27,118,-2.04,7-3,0-2,0-2,1-1,15-8
Memphis,American,219,216,122,167,9-21,4-14,5-7,3-11,186,183,299,-17.55,256,-5.04,2-8,0-1,0-1,0-7,9-12
Tarleton St.,WAC,220,217,182,186,11-16,7-11,4-5,4-9,229,156,232,-13.34,193,-3.36,3-7,0-1,0-1,0-4,11-10
Tennessee Tech,OVC,221,221,260,213,13-14,8-12,5-2,4-9,280,243,211,-11.91,80,-1.09,5-5,0-1,0-0,0-4,13-9
SMU,ACC,222,222,64,121,9-21,2-16,7-5,2-10,63,253,203,-11.39,200,-3.5,1-9,0-9,0-4,0-2,9-6
Saint Louis,Atlantic 10,223,224,112,163,11-21,6-14,5-7,4-9,204,320,298,-17.51,300,-6.04,1-9,0-0,0-4,0-5,11-12
Longwood,Big South,224,223,336,249,18-10,12-6,6-4,6-6,279,142,136,-7.8,120,-2.08,6-4,0-2,0-0,0-2,18-6
William & Mary,CAA,225,225,287,223,15-13,9-9,6-4,10-5,331,282,202,-11.32,167,-2.9,6-4,0-0,0-2,1-1,14-10
Towson,CAA,226,226,269,217,16-13,10-8,6-5,6-9,263,165,191,-10.56,176,-3.07,5-5,0-2,0-0,0-1,16-10
St. Thomas (MN),Summit League,227,227,197,192,13-16,9-9,4-7,4-6,133,284,212,-11.99,287,-5.79,6-4,0-2,0-4,0-2,13-8
Washington St.,WCC,228,228,76,134,9-25,8-13,1-12,3-10,90,35,310,-18.45,335,-7.65,5-5,0-2,0-6,1-9,8-8
Southern U.,SWAC,229,229,315,234,14-13,12-6,2-7,7-11,86,2,129,-7.6,107,-1.71,5-5,0-6,0-0,1-0,13-7
Merrimack,MAAC,230,230,328,247,18-12,16-6,2-6,7-8,296,295,178,-9.82,262,-5.23,8-2,0-0,0-3,0-2,18-7
Southeast Mo. St.,OVC,231,231,235,201,12-18,10-13,2-5,4-10,240,136,263,-15.2,208,-3.61,6-4,0-1,0-1,0-5,12-11
Georgia St.,Sun Belt,232,232,100,156,8-21,5-14,3-7,3-12,121,192,282,-16.74,271,-5.44,1-9,0-2,1-3,0-3,7-13
North Ala.,ASUN,233,233,253,210,15-14,12-8,3-6,6-9,270,209,208,-11.61,247,-4.68,6-4,0-1,0-0,0-3,15-10
Wofford,SoCon,234,234,310,232,13-13,10-5,3-8,7-8,291,189,200,-11.07,304,-6.28,6-4,0-1,0-1,0-2,13-9
UT Arlington,WAC,235,235,143,176,10-20,4-14,6-6,1-13,185,125,279,-16.53,204,-3.55,2-8,0-1,1-2,0-3,9-14
West Ga.,ASUN,236,236,282,222,16-13,11-9,5-4,5-9,245,152,187,-10.33,128,-2.32,4-6,0-1,0-2,0-2,16-8
Fla. Atlantic,American,237,237,107,161,12-17,7-11,5-6,5-9,216,272,242,-13.97,248,-4.74,4-6,0-0,0-3,1-4,11-10
Little Rock,OVC,238,238,190,190,13-16,11-10,2-6,5-9,203,86,222,-12.83,225,-4.04,5-5,0-1,0-1,0-6,13-8
Delaware,CUSA,239,239,235,201,11-18,5-9,6-9,6-9,328,315,274,-16.25,339,-7.77,3-7,0-0,0-1,0-3,11-14
VCU,Atlantic 10,240,240,78,139,8-23,4-15,4-8,1-10,82,75,278,-16.52,252,-4.89,1-9,0-4,0-6,0-4,8-9
Nevada,Mountain West,241,241,119,166,9-21,6-15,3-6,2-11,250,332,308,-18.28,268,-5.38,3-7,0-0,0-2,1-6,8-13
Duquesne,Atlantic 10,242,242,156,179,10-19,5-15,5-4,4-10,213,349,269,-15.92,210,-3.64,5-5,0-1,0-2,1-4,9-12
Kennesaw St.,CUSA,243,243,229,200,10-16,6-12,4-4,4-10,242,167,234,-13.58,142,-2.6,3-7,0-1,0-2,0-2,10-11
Stony Brook,CAA,244,244,272,218,14-14,12-6,2-8,4-11,311,223,214,-12.06,313,-6.62,6-4,0-1,0-1,0-1,14-11
Boston College,ACC,245,245,57,115,5-26,1-17,4-9,1-10,62,273,272,-16.05,334,-7.52,1-9,0-8,0-6,0-6,5-6
UC Riverside,Big West,246,246,176,185,8-20,8-12,0-8,5-11,252,185,297,-17.47,314,-6.7,4-6,0-0,0-2,1-7,7-11
ETSU,SoCon,247,247,318,237,16-13,11-5,5-8,8-4,232,137,185,-10.2,270,-5.43,8-2,0-3,0-0,0-0,16-10
Furman,SoCon,248,248,293,225,14-13,10-6,4-7,7-6,167,64,175,-9.72,221,-3.97,5-5,0-2,0-3,0-0,14-8
SIUE,OVC,249,249,259,212,13-16,9-13,4-3,5-9,322,324,244,-14.16,135,-2.46,6-4,0-0,0-0,1-5,12-11
Wyoming,Mountain West,250,250,107,161,9-20,7-14,2-6,2-13,127,90,270,-15.93,226,-4.08,2-8,0-1,0-4,1-4,8-11
Texas St.,Sun Belt,251,251,152,178,9-19,7-12,2-7,4-10,193,275,268,-15.84,296,-5.98,2-8,0-2,0-1,0-3,9-13
UMES,MEAC,252,252,278,220,16-13,11-3,5-10,8-7,214,145,181,-9.93,327,-7.14,7-3,0-2,0-1,0-1,16-9
Northern Ariz.,Big Sky,253,253,137,174,8-22,6-13,2-9,5-11,233,220,317,-19.11,333,-7.46,3-7,0-0,0-3,1-6,7-13
Weber St.,Big Sky,254,254,133,172,8-22,5-15,3-7,2-13,151,83,307,-18.03,240,-4.53,4-6,0-1,0-5,1-4,7-12
IU Indy,Horizon,255,255,207,194,12-17,10-12,2-5,4-11,316,269,259,-15.06,231,-4.19,6-4,0-0,0-0,0-4,12-13
UT Martin,OVC,256,256,229,200,10-17,9-12,1-5,4-11,259,149,254,-14.66,217,-3.88,2-8,0-1,0-0,1-5,9-11
Utah Tech,WAC,257,257,212,195,8-19,4-14,4-5,0-11,318,312,290,-17.24,235,-4.25,3-7,0-0,0-1,0-3,8-15
Nicholls,Southland,258,265,341,252,14-15,11-12,3-3,6-9,357,350,241,-13.96,157,-2.76,5-5,0-0,0-0,0-3,14-12
Fordham,Atlantic 10,259,259,197,192,9-20,2-17,7-3,3-10,173,346,280,-16.56,141,-2.55,1-9,0-1,0-5,0-2,9-12
N.C. A&T,CAA,260,258,229,200,8-17,7-11,1-6,4-10,110,9,227,-13.04,146,-2.65,5-5,0-4,0-0,0-2,8-11
Lipscomb,ASUN,261,260,240,203,8-20,7-12,1-8,4-11,286,267,305,-17.9,319,-6.95,3-7,0-0,0-2,0-3,8-15
Oakland,Horizon,262,261,147,177,9-21,7-14,2-7,5-12,154,42,285,-17.11,233,-4.2,2-8,0-2,0-1,1-2,8-16
Wichita St.,American,263,262,119,166,7-23,5-13,2-10,2-10,219,256,322,-19.9,348,-8.52,3-7,0-1,0-3,1-1,6-18
Pittsburgh,ACC,264,263,88,147,8-22,1-17,7-5,1-10,67,318,224,-12.97,224,-4.03,0-10,0-9,0-4,0-2,8-7
Mercer,SoCon,265,264,346,254,15-13,7-8,8-5,7-8,349,323,209,-11.75,222,-3.99,5-5,0-0,0-2,0-1,15-10
Western Mich.,MAC,266,266,159,180,9-19,5-13,4-6,4-11,139,85,262,-15.19,202,-3.54,3-7,0-2,0-1,0-4,9-12
San Diego,WCC,267,268,128,169,10-22,5-15,5-7,0-13,205,283,311,-18.52,285,-5.68,3-7,0-0,0-5,0-7,10-10
UTEP,CUSA,268,269,240,203,11-16,5-13,6-3,3-9,234,163,233,-13.41,92,-1.42,4-6,0-1,0-2,0-2,11-11
Montana,Big Sky,269,270,116,165,8-22,6-14,2-8,4-10,114,48,294,-17.39,255,-5.03,2-8,0-2,0-2,1-6,7-12
Iona,MAAC,270,272,354,266,19-12,13-9,6-3,9-6,339,327,186,-10.26,129,-2.34,7-3,0-0,0-2,1-3,18-7
Yale,Ivy League,271,273,159,180,7-20,3-11,4-9,4-11,142,334,277,-16.35,345,-8.12,2-8,0-1,0-3,0-6,7-10
Loyola Maryland,Patriot,272,271,269,217,12-18,8-11,4-7,6-11,264,181,266,-15.48,260,-5.2,3-7,0-2,0-0,0-2,12-14
UIW,Southland,273,267,266,216,11-17,11-12,0-5,5-10,172,5,235,-13.67,136,-2.49,3-7,0-2,0-1,0-3,11-11
CSUN,Big West,274,274,224,198,8-19,6-14,2-5,3-11,287,281,284,-16.97,234,-4.22,4-6,0-0,0-2,0-6,8-11
LIU,NEC,275,275,363,303,18-10,15-4,3-6,10-6,361,340,167,-9.3,275,-5.5,8-2,0-0,0-1,0-0,18-9
New Hampshire,America East,276,278,207,194,8-20,4-13,4-7,3-14,238,225,292,-17.36,274,-5.49,3-7,0-1,0-0,0-4,8-15
UNC Greensboro,SoCon,277,279,324,242,10-16,4-11,6-5,4-11,266,166,240,-13.83,177,-3.07,2-8,0-2,0-0,0-1,10-13
Evansville,MVC,278,277,207,194,7-24,5-15,2-9,3-15,241,207,338,-21.11,332,-7.38,2-8,0-1,0-1,1-3,6-19
Southern Ill.,MVC,279,276,218,196,8-19,7-13,1-6,3-10,314,314,286,-17.15,269,-5.43,4-6,0-0,0-0,0-5,8-14
Samford(AQ),SoCon,280,280,266,216,13-18,9-8,4-10,4-13,136,58,237,-13.77,302,-6.06,8-2,0-4,0-1,0-0,13-13
Mount St. Mary's,MAAC,281,281,348,256,15-15,11-10,4-5,6-9,269,158,217,-12.52,195,-3.38,6-4,0-2,0-1,0-2,15-10
Hofstra,CAA,282,282,240,203,7-21,6-12,1-9,5-9,184,68,301,-17.76,307,-6.32,5-5,0-2,0-1,0-2,7-16
Lafayette,Patriot,283,284,317,236,11-19,7-12,4-7,6-12,327,299,289,-17.18,297,-5.99,3-7,0-1,0-0,0-3,11-15
Siena,MAAC,284,283,352,264,13-17,11-10,2-7,6-10,336,341,264,-15.3,309,-6.5,5-5,0-0,0-2,0-3,13-12
Boston U.,Patriot,285,287,282,222,10-20,7-13,3-7,6-10,302,236,304,-17.86,284,-5.66,4-6,0-1,0-0,0-4,10-15
Kansas City,Summit League,286,286,133,172,4-23,4-13,0-10,2-12,91,101,303,-17.84,337,-7.71,1-9,0-2,0-5,0-4,4-12
East Texas A&M,Southland,287,285,306,231,11-17,9-14,2-3,4-10,244,26,249,-14.4,86,-1.23,3-7,0-2,0-0,0-2,11-13
North Florida,ASUN,288,289,197,192,7-21,4-15,3-6,4-12,189,73,302,-17.78,211,-3.66,1-9,0-2,0-2,0-1,7-16
Manhattan,MAAC,289,288,281,221,11-20,11-11,0-9,4-10,202,114,281,-16.59,323,-7.08,6-4,0-1,0-3,0-5,11-11
Denver,Summit League,290,290,156,179,8-19,5-12,3-7,3-11,149,270,265,-15.4,290,-5.84,2-8,0-1,0-4,0-3,8-11
Akron,MAC,291,292,116,165,5-24,4-14,1-10,1-13,130,141,323,-19.95,341,-7.88,3-7,0-2,0-2,0-4,5-16
Utah St.,Mountain West,292,291,128,169,5-24,2-19,3-5,1-14,183,126,330,-20.63,194,-3.37,0-10,0-1,0-1,0-7,5-15
Western Ky.,CUSA,293,293,203,193,7-21,4-14,3-7,3-12,200,124,306,-17.91,253,-4.95,3-7,0-2,0-2,0-1,7-16
Wright St.,Horizon,294,294,253,210,8-22,6-15,2-7,3-14,283,244,320,-19.7,289,-5.83,4-6,0-1,0-0,0-1,8-20
Coppin St.,MEAC,295,295,221,197,7-22,6-8,1-14,3-13,89,24,276,-16.33,350,-8.57,4-6,0-5,0-1,0-1,7-15
Bucknell,Patriot,296,297,276,219,10-19,7-12,3-7,4-11,306,228,283,-16.95,282,-5.63,5-5,0-1,0-0,0-4,10-14
Cornell,Ivy League,297,296,186,187,8-18,4-10,4-8,6-9,123,319,248,-14.26,322,-7.03,2-8,0-2,1-2,1-3,6-11
Sacred Heart,MAAC,298,298,318,237,12-18,11-11,1-7,5-10,231,203,260,-15.08,288,-5.81,2-8,0-1,0-3,0-4,12-10
Alabama St.,SWAC,299,299,325,243,13-13,12-6,1-7,7-9,98,3,149,-8.55,153,-2.71,7-3,0-5,0-0,0-1,13-7
New Mexico St.,CUSA,300,300,159,180,6-21,5-13,1-8,2-12,254,196,313,-18.6,312,-6.62,2-8,0-1,0-1,0-3,6-16
Marist,MAAC,301,301,299,227,11-20,8-13,3-7,3-10,249,206,288,-17.18,276,-5.52,4-6,0-1,0-2,0-3,11-14
Grambling,SWAC,302,302,325,243,10-18,10-8,0-10,4-12,297,151,271,-15.98,346,-8.14,7-3,0-1,0-1,0-3,10-13
Detroit Mercy,Horizon,303,304,235,201,7-23,5-17,2-6,2-12,257,171,329,-20.39,245,-4.63,3-7,0-1,0-0,0-3,7-19
Indiana St.,MVC,304,303,227,199,8-21,5-15,3-6,3-12,262,241,312,-18.53,250,-4.82,2-8,0-1,0-0,0-3,8-17
Alcorn,SWAC,305,305,341,252,14-12,14-4,0-8,7-7,132,12,144,-8.39,238,-4.49,7-3,0-3,0-1,0-1,14-7
Northeastern,CAA,306,306,301,228,7-21,3-15,4-6,4-11,356,353,324,-19.96,281,-5.62,1-9,0-0,0-0,0-1,7-20
Winthrop,Big South,307,307,328,247,12-17,8-10,4-7,5-10,195,71,236,-13.74,227,-4.1,4-6,0-3,0-1,0-0,12-13
CSU Bakersfield,Big West,308,308,251,208,6-23,2-18,4-5,4-11,324,338,339,-21.19,237,-4.45,0-10,0-0,0-2,0-4,6-17
Milwaukee,Horizon,309,309,248,206,6-24,4-17,2-7,3-12,335,325,350,-22.29,305,-6.31,1-9,0-0,0-0,0-3,6-21
Buffalo,MAC,310,311,159,180,3-27,1-17,2-10,0-14,206,232,355,-23.75,347,-8.37,1-9,0-1,0-2,0-5,3-19
Houston Christian,Southland,311,310,272,218,6-21,6-16,0-5,3-13,227,22,309,-18.34,183,-3.15,3-7,0-1,0-2,0-2,6-16
Hampton,CAA,312,312,289,224,7-20,4-14,3-6,4-9,358,344,316,-19.05,277,-5.55,1-9,0-0,0-0,0-2,7-18
NIU,MAC,313,313,212,195,7-23,4-14,3-9,2-15,256,291,328,-20.36,340,-7.82,3-7,0-1,0-1,0-4,7-17
Portland St.,Big Sky,314,314,187,189,5-25,2-17,3-8,1-14,273,298,351,-22.58,320,-6.96,1-9,0-0,0-2,0-4,5-19
Jackson St.,SWAC,315,315,328,247,11-18,10-8,1-10,6-10,192,54,255,-14.72,317,-6.83,7-3,0-3,0-1,0-2,11-12
N.C. Central,MEAC,316,316,310,232,7-19,5-9,2-10,2-12,150,69,267,-15.55,316,-6.79,5-5,0-3,0-0,0-1,7-15
Eastern Ill.,OVC,317,317,174,184,4-27,3-17,1-10,2-16,152,72,353,-22.9,326,-7.12,1-9,0-2,0-2,0-5,4-18
Louisiana,Sun Belt,318,319,124,168,4-25,3-17,1-8,2-11,179,229,343,-21.59,315,-6.77,3-7,0-2,0-1,0-3,4-19
American,Patriot,319,320,287,223,7-23,5-14,2-9,3-13,340,311,342,-21.36,343,-8.05,2-8,0-1,0-0,0-2,7-20
San Jose St.,Mountain West,320,321,100,156,3-28,2-19,1-9,0-17,148,116,356,-23.85,318,-6.87,1-9,0-1,0-4,0-6,3-17
Dartmouth,Ivy League,321,322,176,185,7-17,1-13,6-4,4-10,145,345,239,-13.77,203,-3.55,1-9,0-1,0-3,0-4,7-9
Colgate,Patriot,322,318,253,210,6-24,3-17,3-7,3-14,290,215,346,-21.77,278,-5.55,1-9,0-1,0-1,0-4,6-18
Ark.-Pine Bluff,SWAC,323,323,341,252,12-15,10-8,2-7,5-12,298,134,228,-13.06,261,-5.21,7-3,0-1,0-1,0-2,12-11
Queens (NC),ASUN,324,324,293,225,8-20,4-15,4-5,4-11,246,160,295,-17.43,196,-3.4,2-8,0-2,0-0,0-2,8-16
Tennessee St.,OVC,325,325,212,195,5-24,4-16,1-8,1-14,196,105,333,-20.75,294,-5.97,2-8,0-2,0-0,1-3,4-19
Gardner-Webb,Big South,326,326,353,265,12-19,9-8,3-11,6-10,354,331,300,-17.73,358,-10.02,6-4,0-1,0-0,0-1,12-17
Long Beach St.,Big West,327,327,152,178,4-25,4-16,0-9,0-14,212,129,347,-21.92,328,-7.18,2-8,0-1,0-2,0-4,4-18
Mercyhurst,NEC,328,329,349,259,15-15,15-4,0-11,8-8,174,45,204,-11.44,336,-7.65,8-2,0-4,0-0,0-0,15-11
UNCW,CAA,329,330,302,229,5-23,2-16,3-7,1-15,321,271,340,-21.2,291,-5.84,1-9,0-1,0-0,0-2,5-20
North Dakota,Summit League,330,332,173,183,4-24,3-14,1-10,1-11,118,169,321,-19.73,344,-8.09,2-8,0-2,0-4,0-3,4-15
Charleston So.,Big South,331,331,278,220,7-22,6-11,1-11,4-11,187,80,314,-18.67,342,-7.98,2-8,0-2,0-2,0-3,7-15
UNC Asheville,Big South,332,333,356,271,9-18,7-10,2-8,6-7,363,361,296,-17.44,338,-7.75,4-6,0-0,0-0,0-1,9-17
Wagner,NEC,333,328,360,275,11-17,8-10,3-7,5-10,307,164,258,-15.03,263,-5.24,3-7,0-1,0-2,0-0,11-14
Rider,MAAC,334,334,350,260,7-22,5-15,2-7,3-13,348,326,332,-20.7,306,-6.32,3-7,0-0,0-2,0-2,7-18
Texas Southern,SWAC,335,335,333,248,6-21,6-13,0-8,3-12,146,13,293,-17.37,239,-4.5,1-9,0-3,0-0,0-3,6-15
Southeastern La.,Southland,336,337,257,211,4-24,4-18,0-6,1-15,141,7,327,-20.21,173,-3.03,3-7,0-3,0-0,0-3,4-18
Stonehill,NEC,337,336,357,273,11-18,7-11,4-7,3-12,329,221,275,-16.26,273,-5.48,5-5,0-1,0-0,0-1,11-16
Cal Poly,Big West,338,338,143,176,2-26,2-18,0-8,1-15,116,19,345,-21.71,254,-4.98,1-9,0-3,0-2,0-3,2-18
A&M-Corpus Christi,Southland,339,339,282,222,5-23,5-17,0-6,2-13,277,96,335,-20.79,242,-4.6,2-8,0-1,0-1,0-3,5-18
Canisius,MAAC,340,340,306,231,5-24,3-17,2-7,1-14,197,119,334,-20.78,258,-5.12,2-8,0-2,0-2,0-3,5-17
Florida A&M,SWAC,341,342,336,249,7-21,7-11,0-10,1-15,332,208,318,-19.36,349,-8.53,3-7,0-0,0-2,0-1,7-18
Seattle U,WCC,342,341,147,177,3-25,1-18,2-7,0-14,218,252,349,-22.1,292,-5.87,0-10,0-1,0-1,0-7,3-16
USC Upstate,Big South,343,343,333,248,9-20,7-11,2-9,5-10,230,104,287,-17.16,310,-6.52,6-4,0-3,0-0,0-1,9-16
Bethune-Cookman,SWAC,344,346,328,247,5-24,5-14,0-10,1-15,222,62,336,-21.06,329,-7.23,4-6,0-2,0-2,0-0,5-20
Delaware St.,MEAC,345,344,316,235,4-22,4-10,0-12,2-13,300,235,325,-20.14,360,-10.38,4-6,0-1,0-0,0-1,4-20
Chicago St.,NEC,346,345,344,253,9-23,8-11,1-12,3-16,293,182,331,-20.65,356,-9.88,4-6,0-1,0-1,0-2,9-19
Saint Peter's,MAAC,347,347,318,237,6-23,6-15,0-8,5-10,325,310,341,-21.21,331,-7.31,2-8,0-0,0-3,0-1,6-19
UMass Lowell,America East,348,348,246,205,5-21,2-14,3-7,3-13,337,348,319,-19.53,311,-6.57,2-8,0-0,0-0,0-3,5-18
New Orleans,Southland,349,349,253,210,3-26,3-19,0-7,2-14,198,29,352,-22.79,243,-4.61,2-8,0-2,0-1,0-3,3-20
Morgan St.,MEAC,350,350,251,208,4-24,4-10,0-14,2-14,137,76,326,-20.18,361,-10.42,2-8,0-3,0-2,0-0,4-19
New Haven,NEC,351,351,361,286,5-22,5-10,0-12,1-12,359,339,337,-21.1,363,-11.3,1-9,0-0,0-1,0-0,5-21
Le Moyne,NEC,352,354,351,262,11-20,9-9,2-11,6-13,260,150,291,-17.35,351,-8.57,7-3,0-2,0-1,0-2,11-15
Mississippi Val.,SWAC,353,353,336,249,8-22,7-12,1-10,3-16,217,67,315,-18.88,321,-7.03,4-6,0-3,0-1,0-1,8-17
Western Caro.,SoCon,354,352,298,226,0-26,0-15,0-11,0-12,248,144,354,-23.63,352,-8.9,0-10,0-1,0-2,0-1,0-22
Omaha,Summit League,355,355,137,174,4-27,4-14,0-13,1-14,97,143,344,-21.69,362,-10.51,4-6,0-2,0-6,0-4,4-15
Saint Francis,NEC,356,356,357,273,3-26,3-16,0-10,1-15,362,358,359,-25.31,354,-9.64,1-9,0-0,0-0,0-0,3-26
Valparaiso,MVC,357,357,197,192,0-31,0-20,0-11,0-16,275,287,363,-28.53,355,-9.82,0-10,0-1,0-0,0-4,0-26
Prairie View,SWAC,358,358,346,254,0-28,0-19,0-9,0-17,236,60,361,-25.35,308,-6.47,0-10,0-2,0-1,0-0,0-25
South Carolina St.,MEAC,359,359,339,250,3-24,2-12,1-12,2-13,288,231,348,-21.98,359,-10.23,0-10,0-1,0-1,0-1,3-21
Niagara,MAAC,360,360,306,231,1-28,1-19,0-9,0-17,209,139,357,-24.89,330,-7.23,1-9,0-2,0-2,0-2,1-22
Central Conn. St.,NEC,361,361,357,273,2-27,2-16,0-11,0-16,333,238,360,-25.32,353,-9.53,2-8,0-1,0-0,0-2,2-24
Bellarmine,ASUN,362,362,143,176,1-30,0-19,1-11,1-16,111,38,358,-25.09,325,-7.11,0-10,0-4,0-0,0-4,1-22
Presbyterian,Big South,363,363,339,250,1-27,1-16,0-11,1-13,344,296,362,-25.65,357,-9.95,0-10,0-1,0-0,0-1,1-25